-- phpMyAdmin SQL Dump
-- version 5.0.4
-- https://www.phpmyadmin.net/
--
-- Host: 127.0.0.1
-- Waktu pembuatan: 08 Mar 2021 pada 15.57
-- Versi server: 10.4.16-MariaDB
-- Versi PHP: 7.4.12

SET SQL_MODE = "NO_AUTO_VALUE_ON_ZERO";
START TRANSACTION;
SET time_zone = "+00:00";


/*!40101 SET @OLD_CHARACTER_SET_CLIENT=@@CHARACTER_SET_CLIENT */;
/*!40101 SET @OLD_CHARACTER_SET_RESULTS=@@CHARACTER_SET_RESULTS */;
/*!40101 SET @OLD_COLLATION_CONNECTION=@@COLLATION_CONNECTION */;
/*!40101 SET NAMES utf8mb4 */;

--
-- Database: `sbd`
--

-- --------------------------------------------------------

--
-- Struktur dari tabel `company`
--

CREATE TABLE `company` (
  `id_company` int(11) NOT NULL,
  `id_works` int(11) DEFAULT NULL,
  `company_name` varchar(50) DEFAULT NULL,
  `company_address` varchar(50) DEFAULT NULL,
  `phone` varchar(50) DEFAULT NULL
) ENGINE=InnoDB DEFAULT CHARSET=utf8mb4;

--
-- Dumping data untuk tabel `company`
--

INSERT INTO `company` (`id_company`, `id_works`, `company_name`, `company_address`, `phone`) VALUES
(1, 807, 'Kwinu', '330 4th Road', '348-497-7041'),
(2, 684, 'Mita', '7 Ramsey Crossing', '366-590-6748'),
(3, 47, 'Vidoo', '4635 Knutson Junction', '199-560-9085'),
(4, 955, 'Trilith', '54578 Sugar Street', '558-932-9156'),
(5, 122, 'Linkbridge', '4302 Waywood Road', '259-318-7925'),
(6, 958, 'Thoughtmix', '67894 Spaight Way', '982-953-4441'),
(7, 995, 'Midel', '148 Meadow Ridge Park', '100-746-1540'),
(8, 525, 'Janyx', '7546 Butterfield Pass', '271-695-4498'),
(9, 43, 'Gevee', '67903 Roxbury Way', '270-656-1442'),
(10, 16, 'Midel', '51682 Hoard Drive', '229-587-2284'),
(11, 147, 'Tanoodle', '0 Hagan Road', '548-944-6676'),
(12, 764, 'Zoomzone', '83071 Cambridge Hill', '271-527-4548'),
(13, 499, 'Photolist', '688 Express Hill', '862-704-4018'),
(14, 942, 'Twinder', '16 School Trail', '912-239-9820'),
(15, 714, 'Zooveo', '0025 Spohn Court', '432-740-1854'),
(16, 465, 'Zooxo', '31 Canary Circle', '745-797-6213'),
(17, 334, 'Divanoodle', '8671 Corry Center', '433-377-4010'),
(18, 201, 'Meezzy', '4 Katie Terrace', '658-168-3915'),
(19, 342, 'Voonyx', '61 International Center', '856-674-4856'),
(20, 361, 'Divape', '3333 Crescent Oaks Point', '294-541-0878'),
(21, 123, 'Skidoo', '448 Laurel Hill', '831-960-9894'),
(22, 53, 'Yakidoo', '5 Lien Hill', '373-535-3528'),
(23, 512, 'Shufflester', '060 Rieder Plaza', '246-508-6568'),
(24, 545, 'Trudeo', '9643 Jenifer Court', '439-519-8557'),
(25, 359, 'Bubbletube', '2 Scott Terrace', '256-459-3214'),
(26, 122, 'Dazzlesphere', '9433 Sundown Terrace', '941-733-1912'),
(27, 190, 'Twinder', '96 Cherokee Lane', '257-951-2211'),
(28, 112, 'Skiptube', '41662 Shasta Parkway', '765-287-7103'),
(29, 670, 'Skinix', '3825 Forest Dale Alley', '252-944-2885'),
(30, 811, 'Jayo', '6984 Fairfield Alley', '850-163-8150'),
(31, 786, 'Jabberstorm', '98284 Susan Center', '542-956-7877'),
(32, 897, 'Wikizz', '5 Valley Edge Alley', '150-930-2697'),
(33, 485, 'Shuffletag', '4 Columbus Hill', '135-767-6261'),
(34, 436, 'Quinu', '80409 Maryland Plaza', '828-767-8410'),
(35, 611, 'Snaptags', '7772 Duke Plaza', '744-480-4629'),
(36, 577, 'Devpulse', '13218 Cambridge Hill', '691-588-7020'),
(37, 401, 'Pixoboo', '27 Jay Junction', '388-867-7574'),
(38, 629, 'Yamia', '48 Atwood Lane', '404-562-2402'),
(39, 731, 'BlogXS', '04331 Dovetail Pass', '825-675-0019'),
(40, 124, 'Twitterworks', '6227 Del Mar Street', '439-641-5147'),
(41, 185, 'DabZ', '1037 Glacier Hill Street', '242-426-0621'),
(42, 906, 'Zava', '8694 Arizona Circle', '739-496-9834'),
(43, 851, 'Mydeo', '0 School Hill', '293-915-2989'),
(44, 547, 'Yata', '693 Lyons Terrace', '388-341-0668'),
(45, 334, 'Mynte', '62717 Esker Park', '537-567-7019'),
(46, 299, 'Vinte', '6215 Waxwing Lane', '994-709-5030'),
(47, 795, 'Topiczoom', '216 Valley Edge Road', '138-554-0089'),
(48, 826, 'Wikizz', '10802 Kings Avenue', '634-194-1204'),
(49, 192, 'Mybuzz', '253 Lunder Drive', '424-713-3173'),
(50, 171, 'Demizz', '76458 Starling Lane', '881-141-2539'),
(51, 377, 'BlogXS', '5251 Division Plaza', '560-986-6548'),
(52, 706, 'Photofeed', '23 Springview Hill', '991-122-7383'),
(53, 91, 'Blogpad', '7929 Marquette Point', '904-321-5391'),
(54, 957, 'Dynazzy', '0 Towne Terrace', '111-249-8313'),
(55, 483, 'Brainverse', '846 Sunnyside Street', '781-350-7926'),
(56, 2, 'Kamba', '4820 David Drive', '189-712-4314'),
(57, 469, 'Aivee', '8635 Farmco Street', '167-109-6463'),
(58, 460, 'Skidoo', '06798 Kings Plaza', '418-187-6826'),
(59, 423, 'Wikivu', '7 Melrose Court', '357-902-8223'),
(60, 740, 'Fiveclub', '92 Veith Trail', '438-520-2380'),
(61, 244, 'Rhyzio', '09 Carey Circle', '948-593-2925'),
(62, 184, 'Zoovu', '043 Onsgard Drive', '622-958-1800'),
(63, 821, 'Livefish', '01 Melody Pass', '760-492-3596'),
(64, 732, 'Yambee', '25 Corben Drive', '444-458-3289'),
(65, 920, 'Flashset', '5624 Toban Drive', '294-965-2845'),
(66, 444, 'Gabvine', '731 2nd Point', '306-970-3275'),
(67, 335, 'Photolist', '3950 Monica Point', '707-582-1778'),
(68, 476, 'Cogibox', '7580 Debs Park', '786-812-1598'),
(69, 933, 'Buzzbean', '88 Di Loreto Hill', '493-280-7062'),
(70, 766, 'Flashdog', '03 Morningstar Junction', '611-491-0088'),
(71, 161, 'Skyba', '365 Melrose Circle', '696-622-9001'),
(72, 739, 'Oyonder', '56914 Ludington Drive', '103-318-1500'),
(73, 242, 'Brainbox', '8603 Hallows Terrace', '304-976-7959'),
(74, 869, 'Voomm', '9 Parkside Way', '493-831-9176'),
(75, 884, 'Vimbo', '3047 Harbort Alley', '535-507-3426'),
(76, 931, 'Meevee', '1 2nd Center', '971-168-2079'),
(77, 106, 'Browseblab', '824 Talmadge Pass', '541-204-4005'),
(78, 28, 'Devify', '8 Superior Terrace', '478-266-4876'),
(79, 870, 'Realcube', '75540 Bartelt Hill', '112-838-4501'),
(80, 260, 'Skilith', '19 Pierstorff Alley', '589-803-3670'),
(81, 70, 'Flipopia', '55295 Gerald Trail', '683-501-6137'),
(82, 671, 'Blogpad', '0749 Mallory Drive', '156-656-9192'),
(83, 726, 'Centidel', '26785 Lukken Court', '965-183-3179'),
(84, 233, 'Roombo', '16 Nova Avenue', '287-100-7945'),
(85, 146, 'Babbleset', '93 Canary Court', '188-968-2564'),
(86, 424, 'Oloo', '734 Schlimgen Pass', '931-570-4585'),
(87, 941, 'Digitube', '67388 Erie Point', '448-539-8755'),
(88, 261, 'Zoomlounge', '96 Hudson Pass', '376-505-3693'),
(89, 523, 'Thoughtblab', '1759 Menomonie Road', '901-406-7576'),
(90, 405, 'Livetube', '81702 Stang Lane', '597-618-9444'),
(91, 539, 'Jatri', '92749 Crowley Terrace', '927-449-2024'),
(92, 843, 'Twitterwire', '53641 Columbus Crossing', '347-463-7232'),
(93, 824, 'Voonix', '92 Caliangt Pass', '836-594-7536'),
(94, 74, 'Zoonder', '432 Holy Cross Crossing', '436-568-0107'),
(95, 146, 'Jaxnation', '69726 Annamark Drive', '661-363-5729'),
(96, 85, 'Rhyloo', '19 Westport Junction', '707-401-0090'),
(97, 564, 'Eimbee', '14110 Russell Parkway', '676-849-7788'),
(98, 104, 'Cogidoo', '63674 Boyd Park', '993-133-1602'),
(99, 916, 'Katz', '76 Lakeland Junction', '714-674-1778'),
(100, 385, 'Meetz', '21437 Acker Plaza', '357-205-4576'),
(101, 498, 'Jayo', '7 Truax Drive', '566-949-5944'),
(102, 841, 'Einti', '09 5th Lane', '228-489-4710'),
(103, 489, 'Mycat', '95454 Quincy Place', '679-788-7446'),
(104, 533, 'Meemm', '2 Melrose Place', '907-497-0887'),
(105, 417, 'Demizz', '45742 Pleasure Avenue', '123-210-0291'),
(106, 715, 'Edgewire', '97 Debs Drive', '287-525-5796'),
(107, 13, 'Jaxspan', '1408 Stuart Place', '293-666-3460'),
(108, 679, 'Feedfire', '43 Florence Trail', '788-235-4978'),
(109, 937, 'Tambee', '21299 Ramsey Hill', '336-152-9581'),
(110, 533, 'Avamm', '6837 Lake View Junction', '752-762-3466'),
(111, 648, 'Vinte', '192 Morrow Lane', '605-554-7655'),
(112, 90, 'Gigashots', '9 Sommers Circle', '238-825-6961'),
(113, 843, 'Fadeo', '0985 Crowley Lane', '273-610-2408'),
(114, 378, 'Meevee', '17777 Debs Avenue', '842-887-8996'),
(115, 661, 'Eimbee', '83136 Toban Hill', '184-535-8245'),
(116, 935, 'Digitube', '2 Elka Point', '341-772-6830'),
(117, 506, 'Feednation', '5237 Vera Road', '515-771-8729'),
(118, 224, 'Skyba', '5982 Meadow Ridge Road', '406-241-7064'),
(119, 291, 'Divanoodle', '3016 Arkansas Road', '188-886-1390'),
(120, 709, 'Yakidoo', '6878 Dunning Circle', '221-124-1459'),
(121, 989, 'Dynazzy', '2550 Hoard Court', '756-913-4603'),
(122, 271, 'Twitternation', '141 Pond Circle', '494-665-0389'),
(123, 616, 'Oozz', '27 Moose Street', '857-815-4231'),
(124, 335, 'Einti', '63891 Eagan Lane', '394-900-4338'),
(125, 922, 'Feednation', '54461 Menomonie Junction', '754-728-6984'),
(126, 356, 'Riffpedia', '3609 Towne Trail', '497-668-7613'),
(127, 957, 'Mudo', '4 Moland Lane', '181-378-5009'),
(128, 558, 'Blogspan', '8757 Eastlawn Alley', '245-280-0740'),
(129, 109, 'Cogibox', '5659 Rutledge Junction', '796-630-0758'),
(130, 481, 'Photolist', '599 Rockefeller Alley', '279-625-7254'),
(131, 206, 'Mymm', '62 Upham Parkway', '102-413-4901'),
(132, 423, 'Realpoint', '2422 Duke Way', '765-635-6879'),
(133, 871, 'Babbleset', '1895 Pearson Way', '145-927-7147'),
(134, 236, 'Eire', '8 Eastlawn Drive', '865-366-0200'),
(135, 518, 'Gigaclub', '26215 Hoard Court', '199-661-2595'),
(136, 63, 'Wikizz', '9712 Sunfield Point', '326-475-4399'),
(137, 833, 'Reallinks', '004 Sauthoff Hill', '583-111-5058'),
(138, 817, 'Riffwire', '8244 Stoughton Drive', '561-756-9487'),
(139, 957, 'Riffpath', '44509 Boyd Trail', '484-835-0481'),
(140, 339, 'Roomm', '15 Ronald Regan Trail', '229-633-4833'),
(141, 643, 'Thoughtstorm', '526 Clemons Place', '980-747-6381'),
(142, 732, 'Realfire', '1987 Fieldstone Way', '772-812-2638'),
(143, 280, 'Bubblebox', '454 Karstens Avenue', '351-551-1147'),
(144, 575, 'Oyoyo', '10702 Shopko Lane', '659-753-5107'),
(145, 697, 'Aivee', '842 Northland Junction', '604-341-5043'),
(146, 691, 'Skaboo', '01593 Rowland Place', '608-514-0406'),
(147, 419, 'Oyoloo', '05391 1st Point', '463-604-4098'),
(148, 482, 'Dabfeed', '3368 Oakridge Junction', '206-168-7662'),
(149, 297, 'Blogtag', '96 Mandrake Junction', '874-269-6174'),
(150, 855, 'Midel', '1 Corben Junction', '584-800-3207'),
(151, 956, 'Feedfish', '8 Upham Pass', '344-167-8479'),
(152, 556, 'Twitterlist', '6501 Oak Lane', '489-802-6204'),
(153, 884, 'Skalith', '63628 Haas Crossing', '923-247-3947'),
(154, 276, 'Viva', '4 Havey Circle', '892-947-8760'),
(155, 385, 'Skinder', '1 Grim Road', '633-764-2139'),
(156, 505, 'Yakijo', '6 Old Gate Court', '838-921-0521'),
(157, 339, 'Yakitri', '41 Bashford Park', '751-252-0191'),
(158, 71, 'Yodel', '12453 Merchant Place', '583-746-7747'),
(159, 226, 'Eadel', '114 Morning Alley', '879-974-7158'),
(160, 252, 'Zoovu', '739 Oakridge Park', '472-326-8064'),
(161, 769, 'Babblestorm', '0731 Village Green Park', '826-923-5314'),
(162, 990, 'Blognation', '6 Corben Circle', '833-450-5536'),
(163, 788, 'Flipopia', '9440 International Street', '857-466-4271'),
(164, 66, 'Riffwire', '6867 Kropf Lane', '246-615-6139'),
(165, 798, 'Realbridge', '4392 Bluejay Terrace', '405-995-5937'),
(166, 967, 'Rooxo', '62713 Eliot Place', '746-197-5894'),
(167, 210, 'Buzzbean', '2 Thompson Avenue', '299-620-6108'),
(168, 343, 'Cogidoo', '270 Hayes Parkway', '540-387-4114'),
(169, 106, 'Youspan', '368 Sundown Crossing', '526-159-7866'),
(170, 542, 'Chatterbridge', '46 Debra Alley', '146-716-4635'),
(171, 775, 'Quaxo', '833 Glacier Hill Road', '289-178-2978'),
(172, 448, 'Brainbox', '3234 Stang Way', '364-811-0860'),
(173, 185, 'Twinte', '631 Lindbergh Alley', '687-419-4457'),
(174, 265, 'Kimia', '65311 Muir Hill', '393-141-2996'),
(175, 852, 'Trunyx', '886 Kensington Way', '403-211-7865'),
(176, 287, 'Voomm', '77710 Drewry Street', '180-282-6533'),
(177, 828, 'Tazzy', '01 Golf View Center', '954-247-0963'),
(178, 887, 'Demivee', '515 Toban Lane', '602-276-4018'),
(179, 188, 'Thoughtstorm', '1 Summit Way', '435-930-1136'),
(180, 655, 'Riffpedia', '3 Caliangt Parkway', '645-708-5412'),
(181, 74, 'Thoughtblab', '5013 Westend Alley', '239-287-5789'),
(182, 837, 'Twitternation', '0 Melvin Street', '191-798-0209'),
(183, 651, 'Browsetype', '60116 Hoard Junction', '443-292-8370'),
(184, 33, 'Zoombox', '530 Bonner Plaza', '339-854-3862'),
(185, 156, 'Kayveo', '9 Nancy Terrace', '217-204-4914'),
(186, 391, 'Tagopia', '97 Weeping Birch Park', '652-393-4575'),
(187, 156, 'Zooxo', '412 Tomscot Street', '447-687-7353'),
(188, 366, 'Mybuzz', '64 Schmedeman Hill', '905-102-3613'),
(189, 932, 'Oyondu', '326 Coleman Terrace', '208-861-4290'),
(190, 87, 'Vimbo', '94 Crowley Plaza', '833-575-5414'),
(191, 78, 'Devbug', '056 Hermina Way', '751-290-2484'),
(192, 584, 'Lazz', '00512 Vernon Pass', '503-346-5802'),
(193, 935, 'Agivu', '6290 Brentwood Park', '192-334-0951'),
(194, 122, 'Photofeed', '72041 Basil Parkway', '796-443-4445'),
(195, 719, 'Devcast', '1 Sunbrook Center', '964-310-9397'),
(196, 296, 'Mycat', '0177 Transport Parkway', '729-687-4176'),
(197, 482, 'Yoveo', '1502 Northridge Park', '952-145-4533'),
(198, 495, 'Aibox', '0 Lyons Lane', '412-957-4281'),
(199, 319, 'Abatz', '425 Kennedy Plaza', '870-348-7238'),
(200, 422, 'Browsebug', '50190 Moland Terrace', '932-958-2627'),
(201, 66, 'Digitube', '774 Daystar Trail', '387-425-4885'),
(202, 601, 'Zoombeat', '68 Bonner Crossing', '295-215-5469'),
(203, 914, 'Aivee', '865 Little Fleur Park', '559-634-6737'),
(204, 51, 'Jabberbean', '6 Hoffman Point', '914-769-2481'),
(205, 697, 'Jazzy', '0 Cody Park', '675-657-5847'),
(206, 736, 'Eidel', '6310 Eastwood Avenue', '698-193-6200'),
(207, 928, 'Quinu', '77000 Village Court', '603-830-6473'),
(208, 464, 'Edgetag', '11735 Nelson Crossing', '878-978-0988'),
(209, 295, 'Blogtags', '2 Farmco Street', '398-241-1054'),
(210, 572, 'Topdrive', '2629 Holy Cross Parkway', '311-191-4855'),
(211, 229, 'Realmix', '42483 Talisman Pass', '111-590-1770'),
(212, 337, 'LiveZ', '47 Lakewood Park', '923-627-2253'),
(213, 972, 'Browsezoom', '32612 Waxwing Plaza', '297-514-1313'),
(214, 601, 'Janyx', '9 Lerdahl Trail', '535-385-5198'),
(215, 786, 'Feedfire', '0035 Graceland Pass', '231-751-8147'),
(216, 539, 'Quaxo', '9 Schlimgen Road', '597-597-1787'),
(217, 542, 'Skinix', '7953 East Way', '318-126-1032'),
(218, 416, 'Youopia', '5 Boyd Terrace', '814-998-9560'),
(219, 347, 'Linkbuzz', '5227 Pankratz Place', '907-544-4199'),
(220, 162, 'Dabjam', '065 Bluestem Center', '751-750-5204'),
(221, 45, 'Rhynyx', '0294 Dapin Alley', '123-502-6782'),
(222, 386, 'Edgetag', '202 Oak Center', '877-986-8156'),
(223, 920, 'Gigabox', '1 Scott Park', '726-775-5681'),
(224, 920, 'Kaymbo', '307 Fairfield Crossing', '759-944-3589'),
(225, 395, 'Flipopia', '1 East Street', '871-336-3883'),
(226, 222, 'Cogidoo', '618 Kennedy Center', '426-601-1790'),
(227, 20, 'Wikido', '9 Kinsman Center', '516-465-2686'),
(228, 638, 'Chatterpoint', '68 Packers Place', '550-977-9369'),
(229, 587, 'Mydeo', '1 Fair Oaks Court', '899-425-9188'),
(230, 45, 'Avaveo', '52156 Village Green Point', '842-316-2654'),
(231, 57, 'Jaxworks', '0 Village Road', '693-723-1234'),
(232, 945, 'Tanoodle', '9307 Kedzie Junction', '686-279-1756'),
(233, 686, 'Jetwire', '4 Clyde Gallagher Road', '329-458-2107'),
(234, 477, 'Yabox', '3 Cody Lane', '954-378-2111'),
(235, 721, 'Geba', '23 Havey Way', '431-191-8134'),
(236, 718, 'Realfire', '70466 Mallory Road', '494-708-7665'),
(237, 799, 'Kimia', '721 High Crossing Circle', '441-395-1210'),
(238, 143, 'Meevee', '16320 Pankratz Lane', '662-664-0349'),
(239, 845, 'Skajo', '7 Schlimgen Trail', '872-534-5599'),
(240, 863, 'Edgewire', '2670 Anzinger Terrace', '559-113-9325'),
(241, 697, 'Brightbean', '95253 Fisk Center', '300-403-0697'),
(242, 435, 'Yakitri', '05294 Mayfield Pass', '190-220-4181'),
(243, 178, 'Brightbean', '7688 Beilfuss Avenue', '128-383-9544'),
(244, 612, 'Browsetype', '1 5th Crossing', '642-916-5130'),
(245, 547, 'Browseblab', '1666 Kingsford Park', '808-502-8625'),
(246, 62, 'Jaxspan', '1120 Graceland Junction', '834-402-8983'),
(247, 9, 'Trunyx', '4615 Stone Corner Place', '561-270-4710'),
(248, 821, 'Thoughtbeat', '391 Waywood Crossing', '584-128-7827'),
(249, 363, 'Centimia', '352 Waywood Pass', '474-578-6017'),
(250, 773, 'Meembee', '33 Bluestem Terrace', '361-921-6679'),
(251, 605, 'Avaveo', '393 Westridge Hill', '480-865-2453'),
(252, 234, 'Gevee', '67200 Anniversary Plaza', '498-715-6553'),
(253, 585, 'Voonte', '6 Memorial Street', '888-569-3626'),
(254, 586, 'Jetpulse', '19249 Acker Point', '402-612-4042'),
(255, 129, 'Ntags', '9513 2nd Point', '793-647-3623'),
(256, 107, 'Chatterpoint', '1 Thierer Street', '549-471-5072'),
(257, 446, 'Jaxspan', '69 Saint Paul Parkway', '109-992-0551'),
(258, 675, 'Camido', '3739 Thackeray Alley', '684-719-5692'),
(259, 267, 'Snaptags', '32774 Corben Road', '169-121-4118'),
(260, 173, 'Dynazzy', '06646 Eastwood Terrace', '497-995-6521'),
(261, 511, 'Jaloo', '10636 Reindahl Hill', '525-374-2002'),
(262, 116, 'Brightbean', '3707 Golf View Court', '612-884-1972'),
(263, 762, 'Tagcat', '97 New Castle Drive', '640-904-2260'),
(264, 637, 'Trunyx', '1147 Sheridan Parkway', '402-644-6613'),
(265, 156, 'Teklist', '3 Havey Trail', '776-114-1900'),
(266, 72, 'Skimia', '145 Di Loreto Hill', '464-384-1325'),
(267, 523, 'Trilia', '2 Monument Way', '415-679-1825'),
(268, 231, 'Yamia', '1 Pankratz Trail', '748-219-9880'),
(269, 994, 'Trilia', '14078 Rutledge Circle', '525-112-7201'),
(270, 458, 'Tekfly', '50669 6th Plaza', '362-718-9627'),
(271, 215, 'Centidel', '59200 Dahle Point', '139-244-7783'),
(272, 497, 'Meevee', '9888 Vidon Place', '607-428-9526'),
(273, 43, 'Blognation', '796 Spenser Street', '867-952-4009'),
(274, 974, 'Rhyloo', '08301 Anhalt Street', '613-754-9379'),
(275, 671, 'Brainsphere', '0059 Quincy Road', '573-899-0357'),
(276, 626, 'Tavu', '23 Miller Circle', '166-645-4622'),
(277, 40, 'Kwideo', '152 Farwell Street', '345-367-0192'),
(278, 800, 'Meejo', '150 Anthes Way', '598-702-5746'),
(279, 407, 'Voolith', '45 Florence Road', '718-677-6650'),
(280, 856, 'Midel', '43280 Forest Center', '486-155-1769'),
(281, 869, 'Gevee', '80343 Sachtjen Junction', '707-826-2646'),
(282, 728, 'Quamba', '1 Kipling Pass', '645-677-9450'),
(283, 47, 'Dabshots', '9 Dryden Circle', '245-735-7223'),
(284, 456, 'Kayveo', '587 Iowa Center', '564-976-5425'),
(285, 747, 'Devbug', '5 Badeau Terrace', '243-970-5911'),
(286, 516, 'Vitz', '801 Comanche Pass', '161-254-5066'),
(287, 719, 'Mudo', '0496 Michigan Terrace', '490-888-5836'),
(288, 287, 'Meevee', '15092 Mayfield Hill', '316-406-0688'),
(289, 711, 'Oba', '08503 7th Street', '515-822-5428'),
(290, 675, 'Voonder', '81550 Butternut Alley', '336-827-8255'),
(291, 566, 'Tazz', '03847 Mallard Place', '865-647-5191'),
(292, 920, 'Youtags', '380 Fremont Plaza', '141-526-5773'),
(293, 455, 'Yata', '096 Thierer Circle', '585-779-6636'),
(294, 539, 'Topiczoom', '39 Ohio Street', '649-371-3011'),
(295, 937, 'Fanoodle', '26 Oak Valley Junction', '814-775-4547'),
(296, 322, 'Vidoo', '630 International Avenue', '724-608-6567'),
(297, 451, 'Muxo', '58 Sheridan Trail', '899-526-4338'),
(298, 646, 'Flipopia', '6145 Monica Drive', '399-192-7903'),
(299, 55, 'Minyx', '10 Melrose Road', '822-612-1340'),
(300, 864, 'Lajo', '9762 School Plaza', '851-555-3705'),
(301, 784, 'Eimbee', '2 Susan Avenue', '166-156-3381'),
(302, 458, 'Realbridge', '12933 Garrison Center', '905-595-6156'),
(303, 689, 'Katz', '4 Merchant Lane', '117-710-9334'),
(304, 409, 'Voonder', '921 Cody Pass', '527-676-4607'),
(305, 96, 'Skinix', '65 7th Street', '420-855-6068'),
(306, 674, 'Topdrive', '91985 Shasta Terrace', '921-552-4022'),
(307, 661, 'Thoughtbeat', '8 Bayside Way', '385-569-6661'),
(308, 445, 'Jabberstorm', '82527 Harper Parkway', '214-383-3294'),
(309, 86, 'Youopia', '30365 Arapahoe Street', '454-264-5572'),
(310, 144, 'Shufflester', '57620 Reindahl Point', '642-281-2193'),
(311, 187, 'Snaptags', '1610 Steensland Alley', '352-316-6556'),
(312, 847, 'Wikivu', '6977 Talmadge Center', '483-593-6366'),
(313, 670, 'Tagpad', '2 Sullivan Pass', '479-223-8957'),
(314, 802, 'Eamia', '3082 Gina Drive', '898-805-0560'),
(315, 17, 'Skyba', '1 Mitchell Point', '964-342-4060'),
(316, 40, 'Divavu', '9474 Mcbride Pass', '752-971-0223'),
(317, 260, 'Photolist', '2 Fairview Alley', '843-225-2186'),
(318, 667, 'Oozz', '8 Chinook Alley', '347-791-2479'),
(319, 588, 'Skyba', '01 Service Drive', '485-495-0065'),
(320, 549, 'Buzzbean', '452 Arrowood Point', '202-289-6386'),
(321, 405, 'Aimbu', '0 Bartillon Pass', '723-594-6660'),
(322, 567, 'Innojam', '01 Claremont Road', '303-902-1249'),
(323, 580, 'Kazu', '3 Rigney Crossing', '676-513-2825'),
(324, 561, 'Blogtags', '3916 Muir Parkway', '312-596-0646'),
(325, 877, 'Thoughtbeat', '67966 Lakeland Junction', '730-618-9378'),
(326, 685, 'Zoomcast', '79 Carey Hill', '185-909-1757'),
(327, 307, 'Trilith', '83512 Barnett Road', '431-770-3246'),
(328, 838, 'Yotz', '1916 Hauk Crossing', '752-624-4503'),
(329, 54, 'Oyope', '40694 Norway Maple Trail', '431-100-8079'),
(330, 495, 'Tavu', '72 Oak Valley Park', '910-842-7633'),
(331, 778, 'Yodoo', '3 Darwin Park', '989-699-2710'),
(332, 337, 'Eamia', '3 Stephen Point', '593-860-4105'),
(333, 232, 'Centizu', '218 Redwing Plaza', '148-670-2752'),
(334, 305, 'Demivee', '9330 Shoshone Circle', '136-400-4472'),
(335, 901, 'Demizz', '38159 Darwin Alley', '550-549-7158'),
(336, 333, 'Shufflester', '1 Huxley Junction', '303-125-1047'),
(337, 302, 'Fanoodle', '017 Thackeray Center', '672-498-1874'),
(338, 599, 'Edgeblab', '30610 Mayfield Lane', '937-153-3828'),
(339, 699, 'Avaveo', '380 Barnett Alley', '454-442-5148'),
(340, 538, 'Kanoodle', '61 Gulseth Place', '458-872-9064'),
(341, 475, 'Tagpad', '37 Talisman Plaza', '796-404-0312'),
(342, 471, 'Fivebridge', '7448 Weeping Birch Pass', '514-623-1801'),
(343, 727, 'Oodoo', '4 Oriole Place', '284-336-4854'),
(344, 879, 'Realbridge', '6 Hayes Junction', '604-950-6283'),
(345, 44, 'Thoughtstorm', '37 Forest Trail', '150-551-6906'),
(346, 568, 'Buzzster', '47458 Packers Way', '780-844-5637'),
(347, 15, 'Dynazzy', '78 Village Circle', '557-989-9298'),
(348, 741, 'Gevee', '636 Waxwing Road', '643-514-7717'),
(349, 56, 'Meeveo', '83526 Delladonna Junction', '599-703-3542'),
(350, 611, 'Fadeo', '4451 Waubesa Junction', '377-989-4982'),
(351, 191, 'Rhycero', '41 Lake View Park', '432-680-9772'),
(352, 174, 'Oyoyo', '6 5th Road', '994-293-1680'),
(353, 82, 'Oyoba', '6 Del Sol Alley', '802-431-9970'),
(354, 861, 'Blogtag', '31 Roxbury Avenue', '872-187-5124'),
(355, 19, 'Abatz', '65 Tennyson Center', '935-133-0215'),
(356, 199, 'Realblab', '22448 Eliot Center', '138-454-5702'),
(357, 310, 'Browseblab', '59279 Jay Trail', '293-599-7788'),
(358, 870, 'Yodoo', '5 Florence Road', '623-721-4292'),
(359, 682, 'Devify', '33 Graceland Junction', '314-628-6848'),
(360, 137, 'Camimbo', '06786 Alpine Circle', '975-378-0326'),
(361, 49, 'Jamia', '209 Jenifer Street', '234-665-1327'),
(362, 523, 'Jabbertype', '1 Browning Trail', '293-433-7437'),
(363, 100, 'Wikizz', '8 Dryden Trail', '919-925-8834'),
(364, 6, 'Blogpad', '082 Vernon Parkway', '188-592-0248'),
(365, 758, 'Tazz', '98657 Blue Bill Park Lane', '686-398-5270'),
(366, 135, 'Babbleset', '1431 Gale Lane', '736-538-9141'),
(367, 152, 'Dabjam', '2571 Oriole Point', '564-889-7948'),
(368, 896, 'Rhynoodle', '43 Merry Alley', '783-704-1855'),
(369, 166, 'Tazzy', '23392 Calypso Drive', '750-645-6283'),
(370, 365, 'Jabberstorm', '1 Transport Parkway', '779-833-6629'),
(371, 48, 'Pixonyx', '92 Aberg Park', '192-108-7180'),
(372, 926, 'Centimia', '5 Havey Way', '549-417-8445'),
(373, 111, 'Tagopia', '2 Charing Cross Plaza', '994-977-0040'),
(374, 82, 'Browsebug', '8132 Grayhawk Avenue', '241-430-2782'),
(375, 173, 'Fivebridge', '1929 Jana Crossing', '833-743-6849'),
(376, 423, 'Skinder', '621 Larry Avenue', '623-822-0711'),
(377, 398, 'Vinder', '432 Monica Alley', '756-906-6818'),
(378, 40, 'Skilith', '599 Petterle Plaza', '486-666-7073'),
(379, 217, 'Feedbug', '0181 Sutteridge Avenue', '330-820-5070'),
(380, 843, 'Dabshots', '37275 Texas Road', '358-273-1035'),
(381, 138, 'BlogXS', '0603 Starling Terrace', '452-289-4976'),
(382, 957, 'Meembee', '52139 Morning Center', '435-334-5400'),
(383, 123, 'Thoughtstorm', '24 Bay Center', '432-874-5453'),
(384, 779, 'Dabshots', '97 Del Mar Point', '395-305-4119'),
(385, 331, 'Zoomzone', '3 Bayside Alley', '236-953-1144'),
(386, 554, 'Youtags', '957 Melody Crossing', '520-928-7492'),
(387, 460, 'Rhyzio', '5867 Paget Plaza', '258-372-1913'),
(388, 832, 'Edgeblab', '31491 Atwood Park', '821-143-3876'),
(389, 265, 'Pixope', '8998 Forest Run Drive', '344-583-8581'),
(390, 388, 'Zoombox', '97 Esker Pass', '987-808-2713'),
(391, 394, 'Yoveo', '72 Bellgrove Lane', '354-916-6053'),
(392, 148, 'Yozio', '13 Lyons Court', '861-773-3434'),
(393, 935, 'Tazz', '66 Lawn Point', '752-410-4262'),
(394, 388, 'Skinte', '526 Declaration Road', '793-986-8288'),
(395, 798, 'Photobug', '9242 Dovetail Road', '785-329-0348'),
(396, 611, 'Topicstorm', '83171 Melrose Place', '568-619-5009'),
(397, 733, 'Meeveo', '5650 Debra Center', '400-475-0477'),
(398, 155, 'Fivespan', '787 Hagan Center', '557-927-2612'),
(399, 446, 'Twitterbridge', '88 Onsgard Junction', '434-418-1843'),
(400, 140, 'Buzzdog', '13231 Sutherland Parkway', '725-111-8060'),
(401, 808, 'Zooxo', '53043 Eggendart Circle', '949-422-8217'),
(402, 666, 'Mydo', '409 Erie Point', '553-312-8639'),
(403, 157, 'LiveZ', '2 Johnson Alley', '394-807-4380'),
(404, 225, 'Dynabox', '89244 Tomscot Terrace', '630-987-2142'),
(405, 898, 'Pixoboo', '684 Lerdahl Plaza', '715-526-0705'),
(406, 540, 'Npath', '4 Loftsgordon Terrace', '444-574-4775'),
(407, 806, 'Avamba', '79455 Commercial Pass', '327-782-7387'),
(408, 953, 'InnoZ', '3648 Ronald Regan Avenue', '341-759-1747'),
(409, 87, 'Voonte', '943 Daystar Parkway', '318-508-2794'),
(410, 752, 'Layo', '9 Monterey Road', '307-956-9618'),
(411, 295, 'Tagchat', '0 Gulseth Point', '113-807-1274'),
(412, 700, 'Edgewire', '7421 Melody Way', '446-809-5426'),
(413, 984, 'Tagtune', '8854 Carey Plaza', '676-888-9245'),
(414, 762, 'Twitterbeat', '61 Northview Street', '927-362-0616'),
(415, 658, 'Skinix', '838 Tomscot Junction', '320-190-4212'),
(416, 524, 'Realbuzz', '1 Corry Circle', '697-291-0731'),
(417, 617, 'Zazio', '321 American Ash Circle', '895-472-1509'),
(418, 324, 'Youtags', '5144 Nova Avenue', '897-955-9782'),
(419, 671, 'Lajo', '15081 Anthes Place', '544-708-5713'),
(420, 813, 'Agimba', '63397 Crescent Oaks Plaza', '398-286-0283'),
(421, 208, 'Twimbo', '125 Corry Place', '916-525-3720'),
(422, 946, 'Riffwire', '3067 Porter Place', '895-857-2654'),
(423, 589, 'Thoughtbeat', '16 Victoria Road', '861-200-3367'),
(424, 369, 'Trudoo', '598 Fordem Pass', '937-124-4516'),
(425, 490, 'Plajo', '0433 Donald Court', '439-810-6249'),
(426, 33, 'Youtags', '34 Mitchell Point', '826-401-1669'),
(427, 109, 'Buzzshare', '092 Linden Point', '559-981-0750'),
(428, 508, 'Flipbug', '9714 Sunbrook Court', '331-873-5950'),
(429, 820, 'Yambee', '80 Caliangt Hill', '180-284-0552'),
(430, 621, 'Tagopia', '6213 New Castle Junction', '423-407-4029'),
(431, 430, 'Quatz', '9428 Bultman Street', '696-798-1514'),
(432, 676, 'Yadel', '6 Moland Park', '353-540-7850'),
(433, 10, 'Shuffledrive', '42609 Comanche Avenue', '703-335-1709'),
(434, 978, 'Buzzshare', '14110 Mitchell Trail', '383-289-2740'),
(435, 661, 'Yombu', '0349 Forest Dale Road', '347-151-6280'),
(436, 20, 'Tagfeed', '8758 3rd Parkway', '868-893-5338'),
(437, 930, 'Jayo', '52311 Talisman Avenue', '975-107-8815'),
(438, 325, 'Jayo', '9 Hoffman Hill', '640-506-1059'),
(439, 574, 'Reallinks', '7748 Burning Wood Street', '128-352-0222'),
(440, 830, 'Shufflebeat', '1 Cody Point', '878-715-4088'),
(441, 605, 'Thoughtbeat', '7372 Calypso Point', '611-374-2403'),
(442, 731, 'Eadel', '600 Elmside Pass', '718-847-9522'),
(443, 191, 'Youopia', '47748 Dexter Hill', '840-576-3066'),
(444, 71, 'Skyba', '12 Rigney Drive', '615-620-2486'),
(445, 187, 'Katz', '9313 American Ash Court', '820-484-1449'),
(446, 740, 'Voonte', '83848 Cordelia Junction', '669-691-8001'),
(447, 785, 'Blogtag', '99557 Messerschmidt Court', '760-740-0703'),
(448, 539, 'Brainbox', '19 Stang Point', '907-105-3742'),
(449, 9, 'Cogibox', '1 Ridge Oak Parkway', '381-444-8842'),
(450, 67, 'Ozu', '76627 Schiller Court', '456-726-7414'),
(451, 959, 'DabZ', '87 Upham Road', '467-167-1861'),
(452, 716, 'Oloo', '18395 Arizona Hill', '654-959-9654'),
(453, 437, 'Photolist', '53391 Dennis Alley', '944-804-7835'),
(454, 848, 'Katz', '0 Kensington Circle', '529-463-6477'),
(455, 367, 'Edgeclub', '1193 Moose Place', '249-735-1317'),
(456, 715, 'Wikido', '49 Park Meadow Parkway', '997-455-6446'),
(457, 183, 'Rhyloo', '8899 High Crossing Park', '528-929-7078'),
(458, 992, 'Voonder', '9 Melby Way', '858-472-3865'),
(459, 195, 'Trilia', '37947 Russell Plaza', '300-333-3424'),
(460, 461, 'Edgewire', '845 Aberg Place', '150-433-8410'),
(461, 248, 'Twimm', '8054 Buena Vista Alley', '725-651-7950'),
(462, 182, 'Twitterworks', '716 1st Park', '707-902-2049'),
(463, 680, 'Dabtype', '92 Portage Hill', '712-482-8266'),
(464, 752, 'Vinder', '2165 Susan Lane', '887-223-2622'),
(465, 212, 'Bluezoom', '2553 Toban Avenue', '327-480-3309'),
(466, 907, 'Skynoodle', '96 Forster Road', '326-459-6950'),
(467, 537, 'Meembee', '8326 Pepper Wood Park', '136-569-1380'),
(468, 560, 'Skivee', '09 Fulton Alley', '410-291-5019'),
(469, 189, 'Fatz', '5008 Melby Terrace', '783-440-7104'),
(470, 75, 'Yotz', '760 Mallory Hill', '391-173-8284'),
(471, 356, 'Meemm', '0021 Pierstorff Circle', '594-655-6733'),
(472, 15, 'Quatz', '7 Mesta Pass', '298-555-3459'),
(473, 489, 'Oba', '373 Forster Center', '388-963-2140'),
(474, 888, 'Fliptune', '24 Vernon Way', '439-466-1959'),
(475, 980, 'Topicstorm', '99189 Miller Park', '553-649-1735'),
(476, 377, 'Fanoodle', '27268 Huxley Street', '546-370-7327'),
(477, 60, 'Browsetype', '9055 Monica Park', '508-791-7452'),
(478, 117, 'Zava', '00943 David Drive', '758-227-0843'),
(479, 880, 'Skibox', '4298 Pepper Wood Crossing', '925-454-6075'),
(480, 190, 'Realbridge', '7 Cherokee Parkway', '575-229-8402'),
(481, 355, 'Jabberbean', '6 Claremont Avenue', '632-878-8470'),
(482, 640, 'Brainsphere', '61844 Corscot Street', '524-460-7148'),
(483, 71, 'Kwideo', '36 Bayside Way', '618-384-1406'),
(484, 451, 'Thoughtblab', '38918 Thackeray Point', '911-274-3500'),
(485, 231, 'Mudo', '4 Mesta Road', '421-627-8787'),
(486, 304, 'Yotz', '86877 Ronald Regan Place', '187-301-2321'),
(487, 269, 'Jabbersphere', '2170 Union Road', '775-466-0219'),
(488, 274, 'Jabbertype', '2126 Brentwood Center', '810-177-3911'),
(489, 401, 'Mudo', '4927 Novick Park', '961-570-5041'),
(490, 947, 'Einti', '615 Oakridge Plaza', '833-478-7554'),
(491, 245, 'Yata', '3411 Dovetail Lane', '146-469-6620'),
(492, 206, 'Devify', '0 Ridge Oak Street', '602-583-3673'),
(493, 605, 'Shufflester', '2126 Twin Pines Crossing', '739-278-4780'),
(494, 276, 'Bubblebox', '68 Hazelcrest Lane', '360-986-1766'),
(495, 132, 'Meetz', '984 Packers Place', '194-650-4248'),
(496, 489, 'Buzzshare', '9636 Buena Vista Point', '153-574-3022'),
(497, 800, 'Yombu', '7 Talmadge Plaza', '712-581-2545'),
(498, 896, 'Buzzshare', '1 Pleasure Street', '467-920-0572'),
(499, 863, 'Teklist', '4692 Ramsey Circle', '798-642-3077'),
(500, 503, 'Yodoo', '725 Farwell Pass', '630-451-9939'),
(501, 168, 'Muxo', '68106 Sheridan Alley', '530-217-2395'),
(502, 374, 'Rhyloo', '6 Division Point', '634-129-2585'),
(503, 482, 'Tanoodle', '05774 Drewry Place', '298-861-6212'),
(504, 532, 'Yodoo', '34580 Oxford Place', '736-671-9935'),
(505, 549, 'Eazzy', '32 Warrior Pass', '945-227-7586'),
(506, 816, 'Jabberbean', '942 Arrowood Junction', '372-596-2688'),
(507, 900, 'Viva', '9031 Bartillon Point', '494-991-7747'),
(508, 313, 'Trupe', '444 Jay Parkway', '712-788-1580'),
(509, 579, 'Flipstorm', '68724 Homewood Way', '434-198-6788'),
(510, 826, 'Photojam', '30 Anderson Crossing', '464-250-2880'),
(511, 871, 'Edgeclub', '34 Bobwhite Circle', '592-209-8703'),
(512, 712, 'Realpoint', '8 Boyd Terrace', '541-525-8789'),
(513, 757, 'Dynabox', '9588 Swallow Road', '376-893-9106'),
(514, 976, 'Kwilith', '0 Fuller Alley', '387-436-2331'),
(515, 255, 'Skaboo', '29430 Bellgrove Pass', '398-404-7844'),
(516, 839, 'Voolith', '46678 Crowley Circle', '827-631-8788'),
(517, 922, 'Browsetype', '55 Southridge Center', '956-168-7411'),
(518, 3, 'Jabbercube', '5 Arizona Road', '202-266-0904'),
(519, 617, 'Eidel', '135 Karstens Parkway', '549-463-7335'),
(520, 103, 'Youfeed', '2 Thompson Hill', '663-230-0655'),
(521, 230, 'Oozz', '79037 Atwood Crossing', '837-486-3518'),
(522, 847, 'Wordify', '49387 Namekagon Avenue', '567-518-8853'),
(523, 324, 'Vinte', '698 Schiller Crossing', '497-159-8351'),
(524, 471, 'Riffpath', '4 Del Sol Circle', '719-757-7588'),
(525, 940, 'Roodel', '1 Kinsman Point', '111-789-8180'),
(526, 704, 'Linkbuzz', '95128 Aberg Drive', '570-501-9821'),
(527, 125, 'Yacero', '34408 Oakridge Lane', '596-232-6636'),
(528, 194, 'Flashspan', '4531 Rutledge Drive', '647-301-7088'),
(529, 244, 'Meetz', '05 Bonner Circle', '319-649-2342'),
(530, 161, 'Wordify', '657 Badeau Center', '985-275-9378'),
(531, 848, 'Topicstorm', '26033 Manufacturers Avenue', '372-431-0510'),
(532, 872, 'Quaxo', '17888 Westridge Road', '726-614-5295'),
(533, 17, 'Ailane', '6938 Washington Alley', '297-227-7348'),
(534, 570, 'Photospace', '2 Elgar Lane', '831-858-8011'),
(535, 942, 'Voonte', '5 Mockingbird Crossing', '159-455-1979'),
(536, 961, 'Avaveo', '9 8th Place', '782-545-5648'),
(537, 490, 'Fiveclub', '242 Portage Lane', '815-313-5074'),
(538, 405, 'Thoughtstorm', '40 4th Hill', '576-464-3680'),
(539, 340, 'Gevee', '41 Petterle Circle', '942-250-7545'),
(540, 623, 'Realmix', '00 Washington Trail', '503-102-5403'),
(541, 697, 'Youtags', '16708 Barnett Plaza', '816-914-6293'),
(542, 362, 'Topdrive', '46296 Fremont Lane', '123-659-2286'),
(543, 255, 'Thoughtblab', '86 Thackeray Center', '822-684-4557'),
(544, 299, 'Gabvine', '7655 Westridge Street', '890-991-2520'),
(545, 525, 'Twimbo', '28 Daystar Road', '415-859-5612'),
(546, 490, 'Eimbee', '94818 Corben Way', '408-825-4080'),
(547, 284, 'Dabvine', '352 Susan Drive', '273-124-8969'),
(548, 105, 'Linkbuzz', '811 Messerschmidt Terrace', '658-527-5012'),
(549, 4, 'Topicshots', '012 Jana Circle', '815-112-7882'),
(550, 39, 'Teklist', '61 Brown Circle', '330-449-9251'),
(551, 390, 'Zooveo', '0029 Fairfield Junction', '247-235-5795'),
(552, 520, 'Shufflester', '20 Autumn Leaf Street', '503-776-0983'),
(553, 131, 'Trupe', '814 Bunting Hill', '609-390-9012'),
(554, 913, 'Twitternation', '9 4th Drive', '612-256-5786'),
(555, 962, 'Camimbo', '4 Barby Place', '428-131-2260'),
(556, 79, 'Eazzy', '3 Artisan Center', '440-247-8423'),
(557, 896, 'Eamia', '5 Sugar Court', '885-405-6617'),
(558, 526, 'Yambee', '4965 Sunnyside Plaza', '229-651-6945'),
(559, 724, 'Oyonder', '4 Grasskamp Road', '520-910-8065'),
(560, 70, 'Voonix', '6 Sycamore Way', '194-295-9361'),
(561, 37, 'Voonix', '51675 Southridge Hill', '421-667-1370'),
(562, 408, 'Linkbridge', '7 Sachs Terrace', '361-807-2681'),
(563, 805, 'Tagopia', '49942 Stang Parkway', '894-602-0467'),
(564, 700, 'Skynoodle', '2 Eggendart Park', '888-227-8575'),
(565, 856, 'Devshare', '46 Kedzie Crossing', '743-918-1513'),
(566, 561, 'Photobug', '65540 Carioca Parkway', '250-308-8009'),
(567, 102, 'Feedbug', '8 Raven Way', '702-473-6112'),
(568, 600, 'Flashspan', '16 Ludington Terrace', '569-516-3406'),
(569, 131, 'Bubbletube', '98907 Mallory Point', '561-302-7889'),
(570, 599, 'Demizz', '9 Ramsey Junction', '918-205-5892'),
(571, 391, 'Zoomzone', '759 Morning Hill', '744-931-6823'),
(572, 577, 'Lazzy', '64 New Castle Park', '813-261-1428'),
(573, 895, 'Dabfeed', '8248 Bunting Point', '360-454-6970'),
(574, 172, 'Thoughtstorm', '0 Superior Lane', '826-454-7635'),
(575, 481, 'Pixoboo', '65170 Amoth Lane', '245-395-9139'),
(576, 571, 'Twitterworks', '39502 Marquette Crossing', '727-191-2960'),
(577, 687, 'Tagopia', '8 Mockingbird Alley', '339-335-7180'),
(578, 671, 'Bubbletube', '178 Ohio Way', '879-690-0930'),
(579, 346, 'Gabcube', '63854 Lindbergh Center', '454-672-6241'),
(580, 686, 'Skimia', '6529 Fremont Hill', '695-273-2845'),
(581, 680, 'Ainyx', '31273 Spaight Terrace', '917-496-1772'),
(582, 259, 'Yakitri', '75475 Cardinal Street', '754-410-0467'),
(583, 428, 'Jabberbean', '0 Bonner Avenue', '481-618-6347'),
(584, 344, 'Gevee', '01 Havey Alley', '175-715-8914'),
(585, 753, 'Riffpath', '3103 Eastlawn Crossing', '289-429-1811'),
(586, 485, 'Quimm', '05920 Eastlawn Plaza', '979-134-3345'),
(587, 864, 'Voonix', '68 Trailsway Alley', '106-187-9718'),
(588, 584, 'Riffwire', '755 School Trail', '601-884-1663'),
(589, 748, 'Realfire', '5874 Sullivan Pass', '761-403-4447'),
(590, 582, 'Meedoo', '4 Ramsey Drive', '332-154-1835'),
(591, 309, 'Twinder', '415 Evergreen Lane', '503-235-7159'),
(592, 727, 'Skimia', '5930 Grasskamp Drive', '401-771-1609'),
(593, 632, 'Chatterbridge', '62 Autumn Leaf Road', '571-206-9586'),
(594, 593, 'Centidel', '62 Porter Hill', '411-918-7501'),
(595, 211, 'Feedbug', '3978 Birchwood Hill', '518-154-9298'),
(596, 469, 'Snaptags', '16 Cordelia Hill', '213-431-2178'),
(597, 319, 'Skimia', '064 Kingsford Trail', '904-366-0810'),
(598, 900, 'Bubbletube', '8055 Shasta Junction', '932-204-1506'),
(599, 279, 'Mydeo', '03543 Blue Bill Park Park', '462-865-4983'),
(600, 587, 'Buzzshare', '9360 Oriole Alley', '591-727-3017'),
(601, 747, 'Gabcube', '86 School Alley', '757-324-1995'),
(602, 837, 'Twitternation', '805 Tennessee Park', '260-178-4271'),
(603, 477, 'Realbridge', '8425 Delaware Avenue', '592-683-5869'),
(604, 113, 'Oodoo', '858 Rusk Hill', '403-196-1746'),
(605, 407, 'Tekfly', '0 Hanson Drive', '763-126-9529'),
(606, 778, 'Wikizz', '61 Saint Paul Park', '399-233-8853'),
(607, 205, 'Quimm', '912 Sugar Lane', '717-790-9736'),
(608, 762, 'Leenti', '6362 Norway Maple Lane', '722-834-5462'),
(609, 632, 'Yoveo', '6 Lakewood Road', '436-902-2654'),
(610, 984, 'Yacero', '20 Union Court', '432-976-2807'),
(611, 964, 'Skibox', '4 Hooker Trail', '918-394-0239'),
(612, 77, 'Gabtype', '44 Linden Pass', '841-916-1772'),
(613, 643, 'Skinix', '28057 Rigney Way', '843-201-9874'),
(614, 813, 'Trilia', '5602 Harbort Trail', '361-337-9097'),
(615, 123, 'Izio', '6924 Hintze Court', '743-513-4077'),
(616, 395, 'Gigashots', '64 Stephen Street', '184-123-7277'),
(617, 995, 'Bubbletube', '435 Havey Center', '440-497-7876'),
(618, 985, 'Demivee', '90 Sommers Road', '683-362-7108'),
(619, 735, 'Quimm', '41387 Everett Court', '724-424-2914'),
(620, 440, 'Centizu', '6 Lawn Road', '187-517-5596'),
(621, 427, 'Feedbug', '636 Portage Lane', '796-526-4050'),
(622, 286, 'Tazz', '754 Cody Circle', '232-920-8084'),
(623, 685, 'Shuffletag', '75733 Leroy Park', '394-776-4460'),
(624, 432, 'Vipe', '16065 Washington Court', '488-496-3907'),
(625, 203, 'Thoughtmix', '1131 Pennsylvania Trail', '269-263-2039'),
(626, 719, 'Topiclounge', '3 Ronald Regan Place', '626-970-6486'),
(627, 189, 'Rooxo', '36732 Oneill Plaza', '718-745-7921'),
(628, 178, 'Photofeed', '4412 Dayton Terrace', '162-426-1979'),
(629, 785, 'Rhynoodle', '186 Marquette Drive', '254-355-0584'),
(630, 536, 'Twiyo', '9852 Sachtjen Drive', '112-229-5294'),
(631, 879, 'Voonder', '49525 Sullivan Way', '245-603-6870'),
(632, 957, 'Ntag', '73836 Melvin Drive', '611-545-6987'),
(633, 579, 'Feedspan', '12220 Norway Maple Street', '503-287-0175'),
(634, 961, 'Ozu', '172 Marquette Place', '459-906-6403'),
(635, 683, 'Bubblemix', '460 Westerfield Hill', '130-614-6762'),
(636, 352, 'Twitterlist', '401 Coleman Street', '861-378-3200'),
(637, 555, 'Dabvine', '7015 Main Hill', '773-759-9779'),
(638, 805, 'Topicshots', '1333 Carioca Plaza', '530-846-5865'),
(639, 819, 'Dabshots', '664 Myrtle Pass', '225-202-7588'),
(640, 493, 'Kayveo', '6 Talisman Way', '270-880-4753'),
(641, 751, 'Photobug', '3 Chinook Parkway', '377-332-6669'),
(642, 935, 'Realbridge', '63507 Sachtjen Plaza', '457-419-8624'),
(643, 378, 'Yakidoo', '64518 Vernon Park', '172-150-9171'),
(644, 344, 'Browsedrive', '676 Ridgeview Drive', '869-949-6805'),
(645, 333, 'Jatri', '2565 Helena Center', '187-175-7421'),
(646, 818, 'Jabbertype', '0053 Village Green Trail', '814-137-2813'),
(647, 967, 'Ainyx', '7419 Sage Place', '795-467-2995'),
(648, 938, 'Chatterbridge', '2 Gale Hill', '578-966-5030'),
(649, 156, 'Talane', '06680 Sauthoff Lane', '948-256-4218'),
(650, 623, 'Riffwire', '5123 Harper Street', '667-785-2196'),
(651, 147, 'Jabberstorm', '98 Algoma Circle', '358-181-9697'),
(652, 897, 'Dabjam', '2 Ronald Regan Pass', '364-310-4492'),
(653, 655, 'Muxo', '61672 Hallows Trail', '189-673-1168'),
(654, 116, 'Mymm', '81932 Erie Avenue', '286-573-2050'),
(655, 254, 'Teklist', '9880 Cody Park', '651-135-9536'),
(656, 550, 'Skajo', '6 Warbler Trail', '237-454-1601'),
(657, 906, 'Bluejam', '8775 Marcy Street', '472-748-5657'),
(658, 591, 'Buzzshare', '70 Village Green Parkway', '285-236-1125'),
(659, 556, 'Roomm', '930 Myrtle Court', '426-926-0153'),
(660, 918, 'Divanoodle', '298 Roxbury Plaza', '270-815-3703'),
(661, 984, 'Meevee', '633 Bartillon Junction', '857-729-5984'),
(662, 216, 'Photojam', '34433 Raven Crossing', '406-880-0761'),
(663, 353, 'Jetpulse', '15044 Golf Course Terrace', '678-725-9087'),
(664, 770, 'Shuffletag', '4 Paget Pass', '322-129-2349'),
(665, 608, 'Dabvine', '5710 Straubel Center', '910-832-1775'),
(666, 928, 'Wikivu', '49 Bay Lane', '773-311-9079'),
(667, 721, 'Topiclounge', '2845 Harbort Avenue', '688-391-6995'),
(668, 134, 'Jabbersphere', '91 Moland Plaza', '521-455-6822'),
(669, 31, 'Linkbridge', '67619 Dottie Crossing', '472-151-7091'),
(670, 810, 'Rhybox', '955 Forest Dale Drive', '448-410-3430'),
(671, 576, 'Lazzy', '1953 Luster Plaza', '736-233-9994'),
(672, 942, 'Youtags', '083 Northridge Hill', '796-132-1780'),
(673, 453, 'Yambee', '9801 Birchwood Pass', '726-213-4472'),
(674, 804, 'Browsedrive', '48 Mcbride Street', '294-511-4870'),
(675, 521, 'Photobug', '866 Main Trail', '151-843-3584'),
(676, 799, 'Twinte', '1302 Basil Drive', '615-909-1752'),
(677, 592, 'Gabtune', '9 Katie Drive', '957-752-6443'),
(678, 895, 'Kazu', '6 Melby Crossing', '291-231-9694'),
(679, 473, 'Cogidoo', '28677 Mifflin Terrace', '886-694-2115'),
(680, 113, 'Oyonder', '60001 Heffernan Circle', '146-914-4552'),
(681, 438, 'Photofeed', '6230 Southridge Junction', '609-617-9951'),
(682, 408, 'Browsebug', '98640 Monterey Point', '213-373-2696'),
(683, 514, 'Skyble', '15 Mifflin Way', '681-871-2286'),
(684, 31, 'Flipstorm', '0 Cordelia Way', '163-211-3927'),
(685, 72, 'Shuffletag', '245 Park Meadow Crossing', '780-217-3203'),
(686, 800, 'Reallinks', '17 Green Circle', '737-503-7968'),
(687, 397, 'Vimbo', '9 Saint Paul Avenue', '874-943-7635'),
(688, 300, 'Dazzlesphere', '64 Sutteridge Circle', '398-653-2814'),
(689, 260, 'Quire', '3730 Northland Plaza', '189-660-2523'),
(690, 805, 'Agivu', '1 Summer Ridge Road', '936-224-7988'),
(691, 67, 'Meevee', '689 Holy Cross Road', '305-497-4639'),
(692, 732, 'Feedfish', '087 Knutson Plaza', '433-123-0449'),
(693, 290, 'Meeveo', '565 4th Center', '810-874-3103'),
(694, 51, 'Jabbersphere', '41005 Holmberg Place', '523-707-3144'),
(695, 662, 'Mudo', '13 Forest Point', '131-482-7464'),
(696, 965, 'Flashspan', '19040 Chive Plaza', '929-412-5663'),
(697, 721, 'Twitterwire', '136 Del Mar Avenue', '805-229-7602'),
(698, 677, 'Dabvine', '7 Twin Pines Park', '221-421-2631'),
(699, 130, 'Eare', '74 Michigan Plaza', '317-452-3223'),
(700, 673, 'Oodoo', '1 Stephen Pass', '250-636-3520'),
(701, 53, 'Dabfeed', '7394 Packers Center', '163-190-8010'),
(702, 7, 'Chatterbridge', '1 Emmet Pass', '957-741-2755'),
(703, 67, 'Skyba', '1 Kensington Trail', '967-269-9004'),
(704, 772, 'Oyoba', '88177 Melby Hill', '721-356-3898'),
(705, 200, 'Kwideo', '28169 Melvin Lane', '472-601-2774'),
(706, 442, 'Yombu', '3109 Old Gate Pass', '583-149-6370'),
(707, 418, 'Mycat', '7 Burrows Place', '185-788-8265'),
(708, 895, 'Abatz', '525 Northview Court', '395-214-9455'),
(709, 397, 'Abatz', '1 North Alley', '685-908-0578'),
(710, 565, 'Nlounge', '95 Susan Terrace', '332-488-9911'),
(711, 525, 'Vidoo', '87 Loftsgordon Park', '356-558-7308'),
(712, 924, 'Realpoint', '3991 Havey Point', '522-982-8859'),
(713, 787, 'Vinte', '6 Forster Place', '618-519-6782'),
(714, 841, 'Skyndu', '99664 Lien Way', '289-663-6226'),
(715, 103, 'Edgeify', '2 Darwin Terrace', '375-952-2231'),
(716, 814, 'Voonder', '4015 Kennedy Park', '262-768-6848'),
(717, 868, 'Npath', '12499 Ronald Regan Crossing', '486-163-8122'),
(718, 395, 'Roomm', '975 Judy Plaza', '607-635-5755'),
(719, 91, 'Fivebridge', '62542 Londonderry Point', '487-763-7199'),
(720, 347, 'Muxo', '0 Hoard Pass', '870-806-4706'),
(721, 313, 'Demimbu', '19 Ryan Way', '727-790-6666'),
(722, 923, 'Eimbee', '4 Gateway Terrace', '132-148-9839'),
(723, 322, 'Buzzbean', '24526 Melby Trail', '703-330-1009'),
(724, 199, 'Aimbo', '65 Clemons Point', '234-829-2601'),
(725, 934, 'Cogibox', '311 Lakeland Drive', '865-285-1061'),
(726, 585, 'Lazzy', '702 Elka Crossing', '527-581-9332'),
(727, 120, 'Voomm', '6052 Ronald Regan Avenue', '830-691-5044'),
(728, 736, 'Dabshots', '5168 Del Sol Alley', '943-692-7841'),
(729, 969, 'Buzzshare', '1 Myrtle Crossing', '326-927-0311'),
(730, 843, 'Lazz', '25930 Oneill Parkway', '543-600-6335'),
(731, 180, 'Kazu', '68376 Eastlawn Circle', '251-904-1152'),
(732, 608, 'Eire', '62 Green Trail', '951-614-6659'),
(733, 561, 'Riffwire', '8 Wayridge Avenue', '384-123-9104'),
(734, 563, 'Edgeblab', '50804 Cordelia Court', '710-906-2773'),
(735, 933, 'Yoveo', '453 Tomscot Hill', '854-711-4755'),
(736, 933, 'Quaxo', '1 Menomonie Court', '777-864-5622'),
(737, 669, 'Twinder', '01 Eggendart Lane', '994-544-7401'),
(738, 539, 'Pixope', '1447 Schurz Trail', '688-178-7729'),
(739, 853, 'Midel', '54 Spohn Center', '583-866-3488'),
(740, 964, 'Chatterbridge', '306 Morrow Park', '813-589-8495'),
(741, 585, 'Layo', '52 Merrick Plaza', '129-627-5410'),
(742, 716, 'Eidel', '3 Warner Road', '178-211-1994'),
(743, 183, 'Browseblab', '6 Heath Road', '408-431-3865'),
(744, 905, 'Jaloo', '2 Dayton Court', '289-651-3304'),
(745, 167, 'Buzzster', '9 Lakewood Point', '150-661-3096'),
(746, 404, 'Muxo', '88 Anniversary Avenue', '537-254-4598'),
(747, 256, 'Leenti', '778 Sundown Terrace', '565-264-3988'),
(748, 617, 'Livetube', '557 Division Parkway', '415-821-6405'),
(749, 240, 'Yodel', '24260 Aberg Alley', '202-266-8275'),
(750, 357, 'Eidel', '961 Charing Cross Drive', '278-451-1916'),
(751, 28, 'Mybuzz', '22 Linden Avenue', '692-283-6686'),
(752, 954, 'Tagopia', '046 Everett Center', '106-822-7568'),
(753, 210, 'Shufflebeat', '9 Hagan Place', '161-900-8004'),
(754, 187, 'Demizz', '5130 Debra Lane', '914-795-8406'),
(755, 874, 'Einti', '6 Green Ridge Road', '851-765-1495'),
(756, 918, 'Dazzlesphere', '94 Dennis Pass', '847-810-4987'),
(757, 853, 'Yamia', '3 Miller Pass', '872-186-3408'),
(758, 822, 'Pixonyx', '22733 Eliot Plaza', '449-710-0215'),
(759, 866, 'Tagpad', '1628 Vidon Circle', '527-209-6320'),
(760, 982, 'Ntag', '9966 Anderson Way', '740-660-6863'),
(761, 910, 'Realpoint', '17222 Northridge Court', '153-169-3437'),
(762, 827, 'Skyble', '060 Morrow Parkway', '581-750-3131'),
(763, 927, 'Zoombox', '8368 Westridge Parkway', '310-434-1266'),
(764, 398, 'Oyoba', '00 Union Pass', '351-199-4463'),
(765, 114, 'Skyble', '82 Continental Lane', '591-672-3210'),
(766, 260, 'Twitterwire', '25203 Saint Paul Circle', '277-132-3224'),
(767, 482, 'Kamba', '7 Stuart Road', '202-933-6604'),
(768, 538, 'Fanoodle', '624 Ryan Way', '986-465-2802'),
(769, 375, 'Photofeed', '20469 Hauk Center', '565-367-7558'),
(770, 434, 'Browseblab', '2225 Truax Lane', '482-435-2931'),
(771, 6, 'Quinu', '469 Schmedeman Trail', '494-663-5144'),
(772, 932, 'Blogtags', '42 Quincy Avenue', '797-753-6958'),
(773, 802, 'Tanoodle', '6908 Nancy Way', '558-230-5581'),
(774, 235, 'Avamm', '4356 Dorton Drive', '511-230-0553'),
(775, 353, 'Oozz', '25 Hermina Junction', '838-899-6136'),
(776, 126, 'Quimba', '8843 Reinke Crossing', '231-933-8754'),
(777, 207, 'Innotype', '1 Alpine Parkway', '363-576-3798'),
(778, 173, 'Zoombeat', '79 Mayer Point', '119-596-4311'),
(779, 66, 'Bubbletube', '01766 2nd Center', '330-106-4566'),
(780, 453, 'Thoughtbeat', '14504 Fairfield Plaza', '538-817-6051'),
(781, 219, 'Twitterwire', '62488 Caliangt Point', '583-834-7051'),
(782, 839, 'Gigabox', '92 Lake View Park', '612-645-7223'),
(783, 199, 'Topicblab', '85 Hollow Ridge Pass', '761-440-5671'),
(784, 213, 'Skidoo', '1 Shasta Alley', '406-419-6460'),
(785, 867, 'Ntags', '9 Mockingbird Court', '365-127-2505'),
(786, 13, 'Trupe', '2531 Schlimgen Point', '555-283-3676'),
(787, 269, 'Meejo', '71974 Bultman Hill', '425-390-6209'),
(788, 213, 'Photobean', '66 Arkansas Point', '613-841-3198'),
(789, 303, 'Ailane', '06 Fair Oaks Plaza', '403-461-0222'),
(790, 93, 'Quatz', '13 Dunning Alley', '354-304-6926'),
(791, 629, 'Mydo', '25 Sherman Circle', '245-322-2854'),
(792, 48, 'Dynabox', '07 Scoville Park', '303-614-8379'),
(793, 988, 'Meembee', '36 Eagan Point', '523-416-7664'),
(794, 547, 'Npath', '2871 Gerald Court', '843-338-6772'),
(795, 695, 'Flipopia', '87579 Kipling Lane', '976-698-6071'),
(796, 831, 'Eazzy', '4 Duke Pass', '813-336-0112'),
(797, 340, 'Realcube', '911 Roth Place', '416-716-0011'),
(798, 179, 'Ntag', '7 Oneill Plaza', '182-764-6360'),
(799, 921, 'Photobean', '875 Dixon Drive', '972-212-6062'),
(800, 582, 'Zoombox', '6 Homewood Alley', '310-341-3299'),
(801, 606, 'Flipbug', '11226 Erie Lane', '532-712-1559'),
(802, 583, 'Zoombox', '8 Cardinal Junction', '806-291-6223'),
(803, 745, 'Oyoyo', '06 Brown Parkway', '492-999-5095'),
(804, 147, 'Flipbug', '11205 Spohn Way', '885-958-7693'),
(805, 32, 'Camido', '8 Nelson Avenue', '739-473-7500'),
(806, 735, 'Brainbox', '37 Mallard Terrace', '583-837-4032'),
(807, 618, 'Dazzlesphere', '31 Steensland Way', '707-433-6515'),
(808, 335, 'Skyvu', '88 Old Shore Pass', '948-495-6404'),
(809, 837, 'Trudeo', '7168 Onsgard Crossing', '279-228-6305'),
(810, 151, 'Bubblemix', '88542 Waubesa Trail', '441-882-3938'),
(811, 295, 'Einti', '22 Maple Wood Drive', '465-629-0439'),
(812, 712, 'Katz', '244 Basil Terrace', '404-106-9756'),
(813, 917, 'Chatterbridge', '4710 Utah Trail', '263-439-3402'),
(814, 300, 'Browsetype', '3137 Paget Park', '746-840-9329'),
(815, 746, 'Livefish', '60 Jenifer Point', '705-556-2644'),
(816, 687, 'LiveZ', '279 Linden Alley', '731-880-2712'),
(817, 223, 'Photospace', '835 Lotheville Street', '468-385-1526'),
(818, 97, 'Realblab', '63 Melby Center', '421-374-9586'),
(819, 725, 'Brainbox', '8277 Vermont Parkway', '631-126-3747'),
(820, 121, 'Jayo', '225 Browning Way', '600-925-3168'),
(821, 27, 'Kare', '70537 Columbus Trail', '126-689-9176'),
(822, 181, 'Tagpad', '3997 Larry Parkway', '592-227-6259'),
(823, 847, 'Jaloo', '2535 Manley Place', '595-578-3132'),
(824, 944, 'Skinder', '8 Superior Court', '574-372-7326'),
(825, 784, 'Thoughtbridge', '4 Shopko Circle', '132-328-8627'),
(826, 680, 'Thoughtbridge', '5625 Village Green Drive', '502-257-1856'),
(827, 857, 'Mydo', '599 Dexter Junction', '870-865-6029'),
(828, 754, 'Quinu', '03 Kipling Parkway', '282-179-1731'),
(829, 540, 'Buzzbean', '135 Onsgard Trail', '126-354-8415'),
(830, 792, 'Jayo', '0 Sunfield Hill', '721-346-3871'),
(831, 795, 'Oyondu', '1 Golf Course Center', '837-705-5410'),
(832, 436, 'Yakidoo', '26416 Burning Wood Circle', '222-269-1963'),
(833, 570, 'Yotz', '092 Morningstar Court', '505-999-2565'),
(834, 594, 'Twinte', '816 Union Trail', '361-319-8925'),
(835, 355, 'Demivee', '221 Armistice Parkway', '654-224-4122'),
(836, 548, 'Meemm', '53136 Rigney Court', '531-708-7465'),
(837, 505, 'Izio', '63559 Knutson Court', '712-770-9436'),
(838, 110, 'Skynoodle', '8651 Loftsgordon Court', '313-611-5462'),
(839, 186, 'Bluezoom', '92 Dorton Trail', '367-983-9603'),
(840, 553, 'Eamia', '083 Browning Terrace', '712-909-6052'),
(841, 837, 'Oloo', '97930 Green Terrace', '496-228-2462'),
(842, 919, 'Centidel', '45477 Green Ridge Court', '760-452-7981'),
(843, 898, 'Gigabox', '383 Village Green Drive', '479-884-5872'),
(844, 924, 'Jaxspan', '56 Oakridge Center', '889-902-8020'),
(845, 194, 'Dynazzy', '48 Division Hill', '345-795-2907'),
(846, 1, 'Yadel', '69 Ohio Crossing', '201-840-9470'),
(847, 900, 'Riffwire', '675 Hazelcrest Park', '345-809-4937'),
(848, 981, 'Livefish', '4 Arizona Plaza', '171-327-4853'),
(849, 127, 'Vipe', '642 Schlimgen Lane', '777-364-1850'),
(850, 381, 'Quaxo', '11526 Bobwhite Junction', '832-480-7040'),
(851, 776, 'Twitterbeat', '5 Anniversary Avenue', '845-580-6905'),
(852, 258, 'Fivebridge', '253 Cordelia Place', '749-887-6230'),
(853, 570, 'Blogtag', '91170 Dottie Circle', '519-673-2898'),
(854, 545, 'Blogtags', '374 Lyons Drive', '267-327-2507'),
(855, 463, 'Realfire', '745 Farwell Parkway', '400-425-8762'),
(856, 588, 'Eazzy', '10206 Golf Crossing', '793-131-3473');
INSERT INTO `company` (`id_company`, `id_works`, `company_name`, `company_address`, `phone`) VALUES
(857, 774, 'Browsedrive', '442 Grasskamp Plaza', '851-666-0865'),
(858, 280, 'Jaxspan', '1705 Hazelcrest Pass', '215-842-7412'),
(859, 221, 'Agivu', '6 Goodland Plaza', '420-926-8075'),
(860, 442, 'Oyoloo', '5 Doe Crossing Terrace', '626-183-3153'),
(861, 49, 'Twimbo', '079 Buhler Street', '945-759-8391'),
(862, 285, 'Skyba', '3 Shoshone Street', '693-127-7099'),
(863, 534, 'Rhynyx', '0 Havey Drive', '611-998-3727'),
(864, 509, 'Twimbo', '35 Schiller Plaza', '946-340-6066'),
(865, 831, 'Divavu', '03 Sachs Pass', '833-455-0431'),
(866, 581, 'Thoughtstorm', '735 Rusk Circle', '383-570-4746'),
(867, 454, 'Jabberstorm', '657 Caliangt Point', '369-957-7997'),
(868, 20, 'Oodoo', '62109 Buena Vista Way', '754-621-5736'),
(869, 736, 'Riffwire', '2 Sutherland Avenue', '136-104-8657'),
(870, 26, 'Lazz', '07736 Sachtjen Lane', '383-145-4101'),
(871, 270, 'Zava', '0763 Elka Drive', '547-107-7120'),
(872, 843, 'Kazio', '1156 Utah Street', '655-952-3499'),
(873, 778, 'Jabberbean', '98 Waxwing Parkway', '275-988-3606'),
(874, 619, 'Bubbletube', '087 East Hill', '911-737-6492'),
(875, 179, 'Trilia', '563 Gateway Avenue', '816-753-9513'),
(876, 518, 'Jabbercube', '86390 Twin Pines Drive', '582-918-6697'),
(877, 610, 'Twinder', '65 Waxwing Plaza', '737-596-2141'),
(878, 165, 'Aimbu', '71 Colorado Point', '687-861-3713'),
(879, 148, 'Flashspan', '1595 Dixon Crossing', '392-494-9413'),
(880, 804, 'Browsetype', '0925 Warbler Junction', '341-795-0023'),
(881, 841, 'Yambee', '941 Hanover Plaza', '804-950-7829'),
(882, 446, 'Buzzdog', '78 Vahlen Drive', '484-556-7980'),
(883, 35, 'Skipfire', '80005 Holmberg Center', '471-318-8378'),
(884, 837, 'Centizu', '91 Sachs Street', '533-298-5467'),
(885, 727, 'Youbridge', '30114 South Place', '440-251-7263'),
(886, 65, 'Jayo', '521 Wayridge Alley', '852-462-3678'),
(887, 878, 'Kanoodle', '324 Summerview Terrace', '955-230-4072'),
(888, 244, 'Fatz', '79185 Esker Crossing', '534-676-1082'),
(889, 205, 'Quinu', '6027 Tennyson Court', '947-848-3990'),
(890, 607, 'Edgeblab', '19812 Caliangt Lane', '177-333-1832'),
(891, 29, 'Thoughtbeat', '6 Service Court', '848-454-7653'),
(892, 521, 'Feedfire', '879 Anthes Plaza', '979-461-0542'),
(893, 760, 'Realfire', '91 Kipling Trail', '500-160-3155'),
(894, 717, 'Feedfish', '9 Judy Park', '127-285-3786'),
(895, 529, 'Demizz', '4 Brentwood Avenue', '621-650-1129'),
(896, 383, 'Midel', '0667 Arrowood Avenue', '693-951-0515'),
(897, 251, 'Abatz', '2695 Hansons Plaza', '749-191-9795'),
(898, 255, 'Quimm', '14166 Sugar Way', '793-982-1308'),
(899, 340, 'Kayveo', '6308 Esker Drive', '954-912-2257'),
(900, 602, 'Roodel', '8 Hagan Park', '347-857-0344'),
(901, 481, 'Oyope', '9198 Loeprich Crossing', '113-188-7914'),
(902, 781, 'Youspan', '9 Pawling Center', '199-169-7161'),
(903, 3, 'Mydeo', '08 Pawling Hill', '456-408-0930'),
(904, 234, 'Brainsphere', '585 Dovetail Alley', '986-302-9482'),
(905, 209, 'Quamba', '9141 Gerald Parkway', '366-720-3847'),
(906, 619, 'Topiclounge', '53 South Parkway', '152-823-6667'),
(907, 342, 'Wordware', '914 Cody Parkway', '371-755-7923'),
(908, 209, 'Midel', '43 Truax Drive', '155-754-5126'),
(909, 286, 'Feedspan', '0 Declaration Lane', '170-378-8900'),
(910, 785, 'Tagopia', '30363 Melvin Lane', '748-559-0744'),
(911, 476, 'Gabcube', '947 Morningstar Pass', '895-940-3282'),
(912, 608, 'Plambee', '5 Schiller Road', '499-777-6137'),
(913, 207, 'Ainyx', '406 Oriole Circle', '805-900-3930'),
(914, 262, 'Myworks', '7622 Leroy Park', '133-128-2854'),
(915, 684, 'Skipfire', '31618 Myrtle Road', '699-692-3532'),
(916, 632, 'Brainsphere', '5 Rieder Pass', '993-462-3598'),
(917, 658, 'Podcat', '91 Oriole Park', '972-959-9381'),
(918, 75, 'Ooba', '4 Kropf Point', '155-662-0453'),
(919, 393, 'Wordware', '633 Fordem Point', '164-514-3006'),
(920, 617, 'Leexo', '35772 Fordem Trail', '965-585-1258'),
(921, 182, 'Topiclounge', '5895 Karstens Circle', '873-394-5217'),
(922, 970, 'Npath', '67088 Loeprich Point', '112-353-1482'),
(923, 867, 'Centimia', '978 Raven Circle', '370-814-6074'),
(924, 221, 'Topicshots', '1 Towne Road', '176-997-6445'),
(925, 447, 'Blogtags', '9 Colorado Alley', '560-486-6058'),
(926, 965, 'Bubbletube', '418 Valley Edge Crossing', '258-849-5757'),
(927, 595, 'Npath', '9 Red Cloud Circle', '346-497-1840'),
(928, 324, 'Quire', '2 Kim Pass', '260-806-6857'),
(929, 193, 'Realmix', '08341 Green Way', '586-414-8089'),
(930, 519, 'Jayo', '0371 5th Park', '985-335-2541'),
(931, 749, 'Dabshots', '294 Ilene Parkway', '430-441-5572'),
(932, 558, 'Gigabox', '2673 Emmet Lane', '843-621-1528'),
(933, 171, 'Fivespan', '73 Lake View Junction', '554-922-9632'),
(934, 154, 'Trunyx', '041 Troy Park', '668-554-1856'),
(935, 681, 'Yamia', '81 Fallview Avenue', '624-458-3204'),
(936, 844, 'Cogilith', '31599 Elmside Terrace', '518-373-7502'),
(937, 451, 'Eire', '9675 Sutherland Point', '568-479-2091'),
(938, 731, 'Buzzbean', '8457 Vernon Street', '912-198-3306'),
(939, 399, 'Edgepulse', '1942 Pepper Wood Drive', '909-960-8670'),
(940, 722, 'Browsetype', '49 Redwing Road', '431-767-2005'),
(941, 322, 'Jabbersphere', '2 Mcbride Alley', '387-590-2693'),
(942, 263, 'Yabox', '668 La Follette Terrace', '443-182-7932'),
(943, 393, 'Realfire', '2390 Meadow Ridge Pass', '923-454-6681'),
(944, 3, 'Dablist', '895 Maple Crossing', '681-102-5584'),
(945, 437, 'Zoomcast', '82423 Lawn Pass', '623-737-9053'),
(946, 675, 'Meevee', '401 Lakewood Gardens Avenue', '888-785-4301'),
(947, 766, 'Zoomcast', '444 Farwell Pass', '618-268-8162'),
(948, 245, 'Cogilith', '523 Debra Center', '958-967-1680'),
(949, 622, 'Jabbertype', '58 Maple Park', '671-491-3313'),
(950, 386, 'Zoomdog', '27 Ridgeway Alley', '190-906-1926'),
(951, 355, 'Blogspan', '4961 Dawn Junction', '165-762-3627'),
(952, 32, 'Fivespan', '9 Meadow Vale Trail', '536-950-0691'),
(953, 802, 'Wikizz', '0875 Pearson Trail', '829-208-0927'),
(954, 563, 'Jayo', '9 Sachs Point', '536-545-7028'),
(955, 212, 'Buzzbean', '88 Farmco Place', '373-641-3758'),
(956, 527, 'Photolist', '14 Corben Street', '960-879-8612'),
(957, 934, 'Layo', '5441 Sachs Parkway', '283-825-1960'),
(958, 760, 'Oozz', '9 6th Pass', '611-649-7225'),
(959, 56, 'Devpulse', '46840 Golf Course Center', '348-270-1733'),
(960, 856, 'Aivee', '81 Packers Trail', '391-417-3443'),
(961, 780, 'Gigaclub', '25801 Butternut Court', '726-295-4282'),
(962, 451, 'Avamba', '7836 Green Trail', '593-766-4844'),
(963, 279, 'Wikizz', '795 Homewood Pass', '368-826-5560'),
(964, 521, 'Skidoo', '588 Haas Center', '626-105-5628'),
(965, 464, 'Zoomlounge', '87 Sage Junction', '144-470-8090'),
(966, 279, 'Oozz', '74 Morrow Place', '240-369-6179'),
(967, 873, 'Livetube', '3452 Bluejay Parkway', '536-865-3052'),
(968, 733, 'Plambee', '13281 Tennyson Circle', '236-590-5963'),
(969, 842, 'Skalith', '07126 Blue Bill Park Trail', '129-132-4748'),
(970, 25, 'Mymm', '64258 Mallory Road', '293-653-4355'),
(971, 347, 'Edgeblab', '1 Union Parkway', '538-803-5426'),
(972, 491, 'Youopia', '02859 Warner Trail', '529-827-2977'),
(973, 340, 'Thoughtsphere', '3946 Talisman Place', '425-176-6066'),
(974, 439, 'Aibox', '5198 Petterle Street', '621-735-7608'),
(975, 574, 'Gabspot', '3006 Roxbury Junction', '940-567-0372'),
(976, 126, 'Meezzy', '3 Park Meadow Center', '729-959-0000'),
(977, 938, 'Topicstorm', '4 Bultman Point', '921-137-5052'),
(978, 509, 'Buzzbean', '1 Esker Street', '288-348-7141'),
(979, 351, 'Kanoodle', '527 Dixon Road', '709-869-0509'),
(980, 646, 'Podcat', '74466 Dunning Court', '384-174-0066'),
(981, 348, 'Quaxo', '58006 Sommers Trail', '707-475-1460'),
(982, 629, 'Eare', '7537 Cottonwood Point', '320-348-2907'),
(983, 447, 'Twiyo', '122 Carpenter Point', '239-913-6344'),
(984, 159, 'Jaxworks', '2175 Surrey Plaza', '818-914-5202'),
(985, 494, 'Fatz', '1597 Evergreen Point', '873-854-4013'),
(986, 954, 'Skiba', '7217 John Wall Road', '203-753-3343'),
(987, 762, 'Blognation', '46135 Westport Center', '218-125-0583'),
(988, 629, 'Jabberbean', '6 Hanson Crossing', '449-172-0364'),
(989, 930, 'Edgeify', '609 Bultman Junction', '528-111-2360'),
(990, 499, 'Avavee', '802 Commercial Court', '219-496-6295'),
(991, 500, 'Skinte', '70552 Harbort Plaza', '999-277-1775'),
(992, 908, 'Tavu', '514 Clove Circle', '809-639-4020'),
(993, 896, 'Meejo', '431 Boyd Trail', '480-235-5385'),
(994, 2, 'Voonder', '63 Northview Lane', '266-472-7802'),
(995, 920, 'Tagpad', '9 Grayhawk Pass', '340-624-4491'),
(996, 587, 'Zoovu', '91 Hayes Way', '219-678-1480'),
(997, 568, 'Ooba', '6 Old Shore Road', '247-997-3453'),
(998, 157, 'Trudoo', '2 Utah Plaza', '595-353-8537'),
(999, 116, 'Babbleopia', '16 Russell Center', '198-103-9036'),
(1000, 418, 'Browsecat', '1 Tennessee Court', '341-955-8137');

-- --------------------------------------------------------

--
-- Struktur dari tabel `employee`
--

CREATE TABLE `employee` (
  `id_employee` int(11) NOT NULL,
  `first_name` varchar(50) DEFAULT NULL,
  `last_name` varchar(50) DEFAULT NULL,
  `email` varchar(50) DEFAULT NULL,
  `gender` varchar(50) DEFAULT NULL,
  `address` varchar(50) DEFAULT NULL,
  `phone` varchar(50) DEFAULT NULL
) ENGINE=InnoDB DEFAULT CHARSET=utf8mb4;

--
-- Dumping data untuk tabel `employee`
--

INSERT INTO `employee` (`id_employee`, `first_name`, `last_name`, `email`, `gender`, `address`, `phone`) VALUES
(1, 'Melli', 'Brunini', 'mbrunini0@i2i.jp', 'Female', '3720 Gina Avenue', '650-715-7116'),
(2, 'Nydia', 'Aplin', 'naplin1@vistaprint.com', 'Male', '15 Dayton Avenue', '393-848-7100'),
(3, 'Jordon', 'Blagdon', 'jblagdon2@list-manage.com', 'Female', '2595 2nd Terrace', '675-130-6850'),
(4, 'Hertha', 'Vickarman', 'hvickarman3@comsenz.com', 'Female', '4 Main Park', '659-707-1028'),
(5, 'Jenna', 'Odger', 'jodger4@wsj.com', 'Female', '266 Fremont Place', '721-631-2776'),
(6, 'Regan', 'Bugge', 'rbugge5@reference.com', 'Male', '4635 Knutson Junction', '880-853-9359'),
(7, 'Sidney', 'Joesbury', 'sjoesbury6@over-blog.com', 'Female', '330 4th Road', '991-799-0414'),
(8, 'Alexine', 'Grishakov', 'agrishakov7@stumbleupon.com', 'Female', '09477 Laurel Point', '815-764-6122'),
(9, 'Cesaro', 'Virgo', 'cvirgo8@nyu.edu', 'Female', '0154 Helena Lane', '154-312-3292'),
(10, 'Agretha', 'Jesse', 'ajesse9@elpais.com', 'Female', '51 Welch Center', '363-160-9663'),
(11, 'Kin', 'Gianotti', 'kgianottia@a8.net', 'Female', '176 Beilfuss Road', '736-506-4618'),
(12, 'Morrie', 'Bickerdicke', 'mbickerdickeb@ezinearticles.com', 'Female', '0 Truax Place', '981-972-5860'),
(13, 'Reginald', 'Sandey', 'rsandeyc@plala.or.jp', 'Female', '9 Lotheville Way', '657-316-8229'),
(14, 'Kimball', 'Reggler', 'kregglerd@amazonaws.com', 'Female', '3201 Reindahl Way', '870-631-4179'),
(15, 'Meghan', 'McCaw', 'mmccawe@jugem.jp', 'Male', '69238 Mayer Drive', '959-766-3759'),
(16, 'Townsend', 'Allward', 'tallwardf@yale.edu', 'Female', '0 Eastwood Lane', '543-482-7067'),
(17, 'Shea', 'Daal', 'sdaalg@bloglovin.com', 'Female', '99 Gerald Parkway', '529-526-9454'),
(18, 'Ardyth', 'Brayn', 'abraynh@zimbio.com', 'Female', '04446 Bultman Alley', '454-444-3033'),
(19, 'Justis', 'Shoulder', 'jshoulderi@alibaba.com', 'Female', '9 Butterfield Place', '366-165-4966'),
(20, 'Gracia', 'Pennyman', 'gpennymanj@japanpost.jp', 'Male', '48 Veith Way', '230-575-6319'),
(21, 'Walton', 'Heys', 'wheysk@wikia.com', 'Female', '98477 East Alley', '571-300-9131'),
(22, 'Carver', 'Burburough', 'cburburoughl@google.ca', 'Female', '71953 Corscot Court', '489-367-1385'),
(23, 'Bernadina', 'Gravells', 'bgravellsm@goo.ne.jp', 'Female', '79441 Kenwood Street', '833-822-2307'),
(24, 'Carlynne', 'Hellewell', 'chellewelln@cornell.edu', 'Female', '1532 Nobel Drive', '615-424-4460'),
(25, 'Pamela', 'Breawood', 'pbreawoodo@noaa.gov', 'Male', '735 1st Terrace', '344-646-3998'),
(26, 'Damon', 'Mellmoth', 'dmellmothp@auda.org.au', 'Female', '6 Lake View Center', '136-544-1128'),
(27, 'Tamarra', 'Neame', 'tneameq@cdc.gov', 'Female', '0 Sherman Point', '829-217-1680'),
(28, 'Filippa', 'Vasile', 'fvasiler@engadget.com', 'Female', '7 Dahle Circle', '289-715-6265'),
(29, 'Raf', 'Squire', 'rsquires@macromedia.com', 'Female', '54578 Sugar Street', '604-407-0101'),
(30, 'Annabela', 'Khadir', 'akhadirt@ed.gov', 'Female', '4199 Bellgrove Trail', '310-189-0580'),
(31, 'Jenna', 'Jupp', 'jjuppu@comsenz.com', 'Female', '28762 Ronald Regan Center', '748-820-3630'),
(32, 'Ivonne', 'Rispen', 'irispenv@scribd.com', 'Male', '21854 Morrow Terrace', '171-574-1095'),
(33, 'Vinny', 'Casarino', 'vcasarinow@rambler.ru', 'Male', '9439 Artisan Lane', '101-591-4879'),
(34, 'Teddy', 'Iacomelli', 'tiacomellix@narod.ru', 'Female', '00 Westport Park', '834-625-9212'),
(35, 'Suzann', 'Fettis', 'sfettisy@myspace.com', 'Female', '0 Superior Park', '134-439-0034'),
(36, 'Benny', 'Whitmarsh', 'bwhitmarshz@mediafire.com', 'Female', '67 Vahlen Crossing', '436-360-4043'),
(37, 'Velvet', 'Clutheram', 'vclutheram10@ycombinator.com', 'Female', '71373 Spenser Hill', '567-962-7844'),
(38, 'Delila', 'Luck', 'dluck11@soup.io', 'Female', '27 8th Alley', '398-252-6463'),
(39, 'Emanuele', 'Fearn', 'efearn12@squarespace.com', 'Male', '6129 Ronald Regan Terrace', '821-710-5546'),
(40, 'Christiane', 'Velasquez', 'cvelasquez13@ucoz.com', 'Male', '7 Glacier Hill Avenue', '705-760-4001'),
(41, 'Ambrose', 'Pawley', 'apawley14@ow.ly', 'Female', '79 Johnson Place', '180-965-1970'),
(42, 'Gray', 'Tortis', 'gtortis15@weibo.com', 'Male', '7 Ramsey Crossing', '757-692-2141'),
(43, 'Fan', 'Doumerque', 'fdoumerque16@cargocollective.com', 'Female', '827 Debs Plaza', '163-258-9657'),
(44, 'Carmencita', 'Jaquiss', 'cjaquiss17@eepurl.com', 'Male', '152 Shopko Crossing', '289-408-8702'),
(45, 'Joelynn', 'Chipchase', 'jchipchase18@craigslist.org', 'Male', '64 Brickson Park Lane', '229-761-7182'),
(46, 'Alexia', 'Thow', 'athow19@goo.ne.jp', 'Female', '778 Erie Trail', '956-343-9163'),
(47, 'Britte', 'D\'Agostino', 'bdagostino1a@wisc.edu', 'Male', '05827 Jay Plaza', '991-814-4778'),
(48, 'Gun', 'McGriele', 'gmcgriele1b@dailymotion.com', 'Female', '19 Loeprich Pass', '323-597-3465'),
(49, 'Ode', 'Scanlan', 'oscanlan1c@chronoengine.com', 'Female', '42 Iowa Alley', '780-314-7322'),
(50, 'Abbe', 'Bothram', 'abothram1d@nsw.gov.au', 'Female', '4 Utah Terrace', '249-330-9412'),
(51, 'Brett', 'Tebbut', 'btebbut1e@nymag.com', 'Male', '32 Talisman Junction', '867-555-3946'),
(52, 'Tarrance', 'Elie', 'telie1f@amazonaws.com', 'Male', '69390 Welch Circle', '528-116-8505'),
(53, 'Daria', 'Wimes', 'dwimes1g@homestead.com', 'Female', '48390 5th Center', '720-426-4874'),
(54, 'Tersina', 'Chilles', 'tchilles1h@wikispaces.com', 'Female', '8 Waxwing Point', '408-723-8335'),
(55, 'Hazlett', 'Lawty', 'hlawty1i@homestead.com', 'Male', '7728 Charing Cross Terrace', '144-789-2461'),
(56, 'Lorette', 'Dixson', 'ldixson1j@google.it', 'Male', '498 Linden Road', '221-177-3986'),
(57, 'Jeane', 'Dickson', 'jdickson1k@ucsd.edu', 'Male', '47 Messerschmidt Way', '174-868-0023'),
(58, 'Danie', 'Gilbank', 'dgilbank1l@mysql.com', 'Female', '19 Buena Vista Hill', '988-617-2959'),
(59, 'Eal', 'De Mitris', 'edemitris1m@github.com', 'Male', '1 Scofield Trail', '349-719-5411'),
(60, 'Danell', 'MacAnelley', 'dmacanelley1n@fda.gov', 'Male', '1128 Lerdahl Crossing', '762-190-6037'),
(61, 'Leshia', 'Arnley', 'larnley1o@npr.org', 'Female', '3205 Riverside Crossing', '994-866-0371'),
(62, 'Tommie', 'Torrejon', 'ttorrejon1p@360.cn', 'Male', '4291 Red Cloud Lane', '218-691-9626'),
(63, 'Pepita', 'Rahl', 'prahl1q@goo.ne.jp', 'Female', '2239 Harbort Terrace', '528-675-9978'),
(64, 'Wally', 'Udell', 'wudell1r@blogs.com', 'Male', '9496 Riverside Park', '100-542-3479'),
(65, 'Hartley', 'Petken', 'hpetken1s@com.com', 'Male', '0 Springview Court', '565-166-3841'),
(66, 'Farr', 'Bohea', 'fbohea1t@xing.com', 'Female', '0426 Eastwood Court', '425-359-7820'),
(67, 'Lisabeth', 'McAllister', 'lmcallister1u@biglobe.ne.jp', 'Male', '3586 Waxwing Pass', '900-311-7395'),
(68, 'Shane', 'Onians', 'sonians1v@posterous.com', 'Female', '97985 Straubel Point', '855-209-8286'),
(69, 'Dillon', 'Pimblott', 'dpimblott1w@unc.edu', 'Male', '5 5th Terrace', '476-681-2512'),
(70, 'Ame', 'Chart', 'achart1x@businessinsider.com', 'Female', '668 Vahlen Street', '810-516-7446'),
(71, 'Miriam', 'Cawtheray', 'mcawtheray1y@marketwatch.com', 'Male', '8 American Ash Way', '649-196-3613'),
(72, 'Pernell', 'Axtell', 'paxtell1z@umich.edu', 'Female', '70 Mockingbird Circle', '528-597-4272'),
(73, 'Deina', 'Matterson', 'dmatterson20@1688.com', 'Male', '07 Westridge Point', '778-287-8416'),
(74, 'Ardisj', 'Pardey', 'apardey21@ustream.tv', 'Female', '89 Heath Alley', '489-709-0007'),
(75, 'Andeee', 'Dew', 'adew22@mysql.com', 'Female', '42 Ryan Parkway', '819-305-7079'),
(76, 'Emilie', 'Gambrell', 'egambrell23@reddit.com', 'Male', '5301 Parkside Alley', '749-327-1198'),
(77, 'Frasier', 'Rose', 'frose24@sogou.com', 'Male', '2 Farragut Crossing', '842-703-0124'),
(78, 'Emanuel', 'Dominighi', 'edominighi25@who.int', 'Male', '30502 Caliangt Center', '191-974-2976'),
(79, 'Guido', 'Coutts', 'gcoutts26@archive.org', 'Male', '831 Sherman Court', '875-321-5540'),
(80, 'Waiter', 'Swenson', 'wswenson27@biblegateway.com', 'Male', '4335 Onsgard Pass', '812-388-4862'),
(81, 'Bryanty', 'Kendrew', 'bkendrew28@google.com.br', 'Female', '1909 Nevada Terrace', '347-270-3942'),
(82, 'Jillayne', 'Misselbrook', 'jmisselbrook29@last.fm', 'Male', '818 Pierstorff Crossing', '299-281-9243'),
(83, 'Lance', 'Marchiso', 'lmarchiso2a@google.fr', 'Male', '499 Jenna Terrace', '330-219-0118'),
(84, 'Nerty', 'Tindley', 'ntindley2b@youtu.be', 'Female', '20603 Carey Avenue', '792-732-4041'),
(85, 'Homer', 'Skayman', 'hskayman2c@nih.gov', 'Female', '10 Esker Trail', '334-210-0979'),
(86, 'Rozalin', 'Spilstead', 'rspilstead2d@cpanel.net', 'Male', '152 Dwight Parkway', '936-884-7523'),
(87, 'Cleopatra', 'Adamczewski', 'cadamczewski2e@51.la', 'Female', '933 Melvin Center', '224-130-9389'),
(88, 'Yancy', 'Snelson', 'ysnelson2f@163.com', 'Female', '411 Chive Parkway', '206-328-8625'),
(89, 'Abram', 'Manchett', 'amanchett2g@statcounter.com', 'Female', '13688 Loeprich Avenue', '736-724-5216'),
(90, 'Archibald', 'Swindon', 'aswindon2h@scribd.com', 'Female', '983 Northfield Parkway', '349-840-1302'),
(91, 'Cord', 'Scarbarrow', 'cscarbarrow2i@imdb.com', 'Female', '88997 Hintze Crossing', '950-453-5428'),
(92, 'Chris', 'Lambrick', 'clambrick2j@home.pl', 'Female', '20 Porter Parkway', '118-121-5022'),
(93, 'Alli', 'Rozier', 'arozier2k@jugem.jp', 'Male', '8 Portage Lane', '227-798-7760'),
(94, 'Kaleb', 'Djakovic', 'kdjakovic2l@engadget.com', 'Male', '115 Eagle Crest Hill', '826-429-3004'),
(95, 'Harriott', 'Jansens', 'hjansens2m@e-recht24.de', 'Male', '4302 Waywood Road', '577-584-0431'),
(96, 'Mollee', 'Indruch', 'mindruch2n@drupal.org', 'Female', '727 Monument Pass', '616-294-8459'),
(97, 'Nolie', 'Lowten', 'nlowten2o@123-reg.co.uk', 'Female', '0 Raven Parkway', '866-382-6534'),
(98, 'Osborn', 'Coltan', 'ocoltan2p@ft.com', 'Female', '374 Center Pass', '656-827-5571'),
(99, 'Berke', 'Deville', 'bdeville2q@mozilla.com', 'Male', '95 Dexter Alley', '288-876-8766'),
(100, 'Georges', 'Folley', 'gfolley2r@noaa.gov', 'Female', '93648 Tomscot Avenue', '861-259-2437');

-- --------------------------------------------------------

--
-- Struktur dari tabel `works`
--

CREATE TABLE `works` (
  `id_works` int(11) NOT NULL,
  `id_employee` int(11) DEFAULT NULL,
  `job_title` varchar(50) DEFAULT NULL,
  `salary` int(11) DEFAULT NULL
) ENGINE=InnoDB DEFAULT CHARSET=utf8mb4;

--
-- Dumping data untuk tabel `works`
--

INSERT INTO `works` (`id_works`, `id_employee`, `job_title`, `salary`) VALUES
(1, 4, 'Recruiter', 407),
(2, 58, 'Speech Pathologist', 269),
(3, 27, 'Electrical Engineer', 141),
(4, 75, 'Geologist II', 416),
(5, 20, 'Electrical Engineer', 107),
(6, 36, 'Staff Scientist', 473),
(7, 17, 'Account Executive', 312),
(8, 98, 'Staff Accountant II', 215),
(9, 30, 'Cost Accountant', 348),
(10, 81, 'Graphic Designer', 446),
(11, 93, 'Help Desk Operator', 161),
(12, 91, 'Quality Engineer', 134),
(13, 64, 'Design Engineer', 173),
(14, 3, 'Software Test Engineer I', 314),
(15, 78, 'Desktop Support Technician', 195),
(16, 38, 'Software Test Engineer I', 480),
(17, 2, 'Health Coach I', 307),
(18, 37, 'Editor', 416),
(19, 56, 'Research Assistant II', 364),
(20, 64, 'Community Outreach Specialist', 382),
(21, 12, 'Geologist IV', 359),
(22, 40, 'Legal Assistant', 177),
(23, 63, 'Social Worker', 233),
(24, 55, 'Pharmacist', 469),
(25, 6, 'Analog Circuit Design manager', 389),
(26, 15, 'Human Resources Manager', 449),
(27, 88, 'Assistant Media Planner', 341),
(28, 27, 'Director of Sales', 304),
(29, 26, 'Financial Analyst', 205),
(30, 28, 'Account Executive', 472),
(31, 72, 'Chemical Engineer', 468),
(32, 82, 'Structural Analysis Engineer', 441),
(33, 57, 'Pharmacist', 300),
(34, 87, 'Safety Technician I', 352),
(35, 86, 'Operator', 105),
(36, 28, 'Professor', 273),
(37, 55, 'Environmental Specialist', 398),
(38, 10, 'VP Marketing', 314),
(39, 10, 'Media Manager III', 144),
(40, 44, 'Safety Technician II', 100),
(41, 19, 'VP Accounting', 414),
(42, 70, 'Account Coordinator', 244),
(43, 64, 'Financial Advisor', 229),
(44, 68, 'Engineer I', 101),
(45, 60, 'Director of Sales', 500),
(46, 42, 'Media Manager II', 247),
(47, 6, 'Help Desk Technician', 191),
(48, 1, 'Office Assistant II', 300),
(49, 9, 'Physical Therapy Assistant', 410),
(50, 40, 'Geological Engineer', 173),
(51, 49, 'VP Product Management', 389),
(52, 10, 'Assistant Professor', 292),
(53, 79, 'Executive Secretary', 326),
(54, 99, 'Web Designer IV', 389),
(55, 71, 'Help Desk Technician', 386),
(56, 54, 'Design Engineer', 295),
(57, 78, 'Geological Engineer', 127),
(58, 79, 'Senior Quality Engineer', 266),
(59, 10, 'Tax Accountant', 133),
(60, 87, 'Research Nurse', 317),
(61, 2, 'Nurse Practicioner', 486),
(62, 55, 'Technical Writer', 385),
(63, 29, 'Environmental Specialist', 220),
(64, 70, 'Administrative Officer', 306),
(65, 10, 'Nurse Practicioner', 322),
(66, 29, 'Programmer Analyst III', 225),
(67, 36, 'Human Resources Manager', 449),
(68, 24, 'Executive Secretary', 149),
(69, 56, 'Web Designer III', 238),
(70, 34, 'Teacher', 111),
(71, 23, 'Statistician III', 452),
(72, 81, 'Nurse', 340),
(73, 42, 'Research Associate', 225),
(74, 22, 'Office Assistant II', 424),
(75, 47, 'General Manager', 434),
(76, 16, 'Developer IV', 461),
(77, 60, 'Software Consultant', 290),
(78, 97, 'Internal Auditor', 459),
(79, 4, 'Account Coordinator', 229),
(80, 15, 'Mechanical Systems Engineer', 482),
(81, 12, 'Structural Analysis Engineer', 299),
(82, 5, 'Clinical Specialist', 190),
(83, 63, 'Chemical Engineer', 233),
(84, 35, 'Recruiter', 279),
(85, 31, 'Software Consultant', 124),
(86, 1, 'Librarian', 323),
(87, 96, 'Safety Technician II', 335),
(88, 12, 'Environmental Specialist', 304),
(89, 49, 'Quality Control Specialist', 439),
(90, 31, 'Quality Engineer', 186),
(91, 86, 'Assistant Manager', 397),
(92, 64, 'Product Engineer', 356),
(93, 83, 'Help Desk Technician', 286),
(94, 59, 'Nurse', 330),
(95, 46, 'Software Engineer II', 433),
(96, 28, 'Quality Control Specialist', 359),
(97, 19, 'Web Designer IV', 481),
(98, 4, 'Account Representative III', 494),
(99, 76, 'Computer Systems Analyst I', 364),
(100, 73, 'Pharmacist', 285),
(101, 73, 'Media Manager I', 221),
(102, 92, 'General Manager', 147),
(103, 21, 'Financial Analyst', 467),
(104, 80, 'Assistant Professor', 488),
(105, 32, 'Software Test Engineer III', 374),
(106, 79, 'Nurse', 384),
(107, 100, 'Information Systems Manager', 102),
(108, 48, 'Junior Executive', 476),
(109, 44, 'Business Systems Development Analyst', 446),
(110, 22, 'Tax Accountant', 212),
(111, 20, 'Biostatistician II', 136),
(112, 91, 'Registered Nurse', 185),
(113, 90, 'Information Systems Manager', 232),
(114, 70, 'Account Executive', 415),
(115, 46, 'Community Outreach Specialist', 351),
(116, 88, 'Chemical Engineer', 321),
(117, 62, 'Geologist III', 451),
(118, 37, 'Senior Financial Analyst', 408),
(119, 13, 'Research Nurse', 132),
(120, 87, 'VP Sales', 255),
(121, 87, 'Health Coach I', 267),
(122, 95, 'Legal Assistant', 499),
(123, 86, 'Operator', 118),
(124, 28, 'Recruiting Manager', 232),
(125, 6, 'Executive Secretary', 192),
(126, 46, 'Software Test Engineer I', 193),
(127, 54, 'Assistant Media Planner', 269),
(128, 44, 'Accounting Assistant III', 253),
(129, 62, 'Senior Editor', 352),
(130, 84, 'Software Engineer I', 499),
(131, 69, 'Safety Technician I', 320),
(132, 31, 'Clinical Specialist', 127),
(133, 32, 'Actuary', 370),
(134, 89, 'Engineer I', 388),
(135, 22, 'Internal Auditor', 283),
(136, 67, 'Senior Cost Accountant', 228),
(137, 89, 'Mechanical Systems Engineer', 139),
(138, 39, 'Biostatistician III', 196),
(139, 79, 'Information Systems Manager', 211),
(140, 57, 'Senior Editor', 127),
(141, 5, 'Assistant Media Planner', 165),
(142, 5, 'Senior Sales Associate', 356),
(143, 96, 'Administrative Officer', 247),
(144, 54, 'Nuclear Power Engineer', 365),
(145, 21, 'Professor', 350),
(146, 3, 'Software Test Engineer IV', 434),
(147, 70, 'Staff Scientist', 386),
(148, 7, 'Cost Accountant', 260),
(149, 51, 'Civil Engineer', 222),
(150, 9, 'Nurse', 118),
(151, 77, 'Social Worker', 429),
(152, 40, 'Professor', 106),
(153, 5, 'Associate Professor', 167),
(154, 52, 'Staff Scientist', 364),
(155, 2, 'Junior Executive', 299),
(156, 47, 'Analog Circuit Design manager', 299),
(157, 50, 'Structural Engineer', 400),
(158, 76, 'Compensation Analyst', 325),
(159, 35, 'Office Assistant II', 377),
(160, 87, 'Editor', 303),
(161, 49, 'Media Manager IV', 280),
(162, 43, 'Assistant Manager', 309),
(163, 76, 'Editor', 445),
(164, 99, 'Assistant Professor', 293),
(165, 51, 'Accounting Assistant I', 159),
(166, 43, 'Software Test Engineer IV', 314),
(167, 69, 'Administrative Assistant II', 425),
(168, 46, 'Database Administrator II', 135),
(169, 76, 'Software Consultant', 107),
(170, 70, 'Sales Associate', 143),
(171, 38, 'Help Desk Technician', 166),
(172, 53, 'Account Coordinator', 276),
(173, 4, 'Senior Quality Engineer', 456),
(174, 100, 'Software Test Engineer III', 229),
(175, 68, 'Compensation Analyst', 390),
(176, 91, 'Accounting Assistant III', 388),
(177, 83, 'Software Consultant', 489),
(178, 59, 'Database Administrator II', 388),
(179, 28, 'Chief Design Engineer', 101),
(180, 43, 'Food Chemist', 408),
(181, 29, 'Quality Engineer', 317),
(182, 63, 'Programmer Analyst III', 437),
(183, 62, 'Payment Adjustment Coordinator', 157),
(184, 86, 'Health Coach I', 181),
(185, 58, 'Desktop Support Technician', 125),
(186, 12, 'Dental Hygienist', 125),
(187, 16, 'Physical Therapy Assistant', 177),
(188, 79, 'Help Desk Technician', 437),
(189, 2, 'Data Coordiator', 316),
(190, 69, 'Cost Accountant', 380),
(191, 18, 'Project Manager', 419),
(192, 25, 'Account Coordinator', 285),
(193, 46, 'Professor', 475),
(194, 48, 'Media Manager III', 218),
(195, 34, 'Clinical Specialist', 413),
(196, 21, 'VP Product Management', 101),
(197, 29, 'Senior Cost Accountant', 110),
(198, 45, 'Programmer Analyst IV', 311),
(199, 69, 'Senior Developer', 167),
(200, 31, 'Office Assistant I', 372),
(201, 63, 'Assistant Media Planner', 469),
(202, 96, 'Programmer Analyst III', 464),
(203, 61, 'Compensation Analyst', 211),
(204, 39, 'Product Engineer', 203),
(205, 75, 'Senior Developer', 414),
(206, 92, 'Actuary', 203),
(207, 66, 'Administrative Assistant I', 420),
(208, 84, 'Accountant II', 289),
(209, 66, 'Nuclear Power Engineer', 156),
(210, 69, 'Geologist II', 487),
(211, 32, 'Biostatistician III', 300),
(212, 71, 'Project Manager', 127),
(213, 7, 'Human Resources Assistant II', 379),
(214, 16, 'VP Accounting', 147),
(215, 55, 'Community Outreach Specialist', 281),
(216, 96, 'Biostatistician III', 186),
(217, 93, 'VP Product Management', 426),
(218, 25, 'Marketing Assistant', 407),
(219, 73, 'Accounting Assistant IV', 328),
(220, 61, 'Data Coordiator', 434),
(221, 33, 'Nurse', 180),
(222, 3, 'Accountant III', 152),
(223, 41, 'Geologist IV', 391),
(224, 9, 'Research Nurse', 399),
(225, 61, 'Electrical Engineer', 205),
(226, 28, 'Administrative Assistant II', 386),
(227, 74, 'Mechanical Systems Engineer', 329),
(228, 72, 'Office Assistant IV', 255),
(229, 67, 'Electrical Engineer', 297),
(230, 82, 'Geological Engineer', 235),
(231, 99, 'Systems Administrator III', 109),
(232, 81, 'Media Manager I', 335),
(233, 27, 'Software Engineer II', 154),
(234, 98, 'VP Quality Control', 387),
(235, 32, 'Assistant Professor', 104),
(236, 56, 'Research Associate', 146),
(237, 96, 'Librarian', 197),
(238, 18, 'Internal Auditor', 103),
(239, 75, 'Professor', 413),
(240, 62, 'Health Coach II', 113),
(241, 16, 'Sales Associate', 136),
(242, 20, 'Web Designer III', 154),
(243, 25, 'Graphic Designer', 487),
(244, 9, 'Information Systems Manager', 132),
(245, 91, 'Health Coach III', 459),
(246, 39, 'Geologist I', 430),
(247, 84, 'Statistician I', 416),
(248, 32, 'Technical Writer', 354),
(249, 22, 'Accounting Assistant IV', 246),
(250, 28, 'Programmer III', 399),
(251, 5, 'VP Sales', 156),
(252, 61, 'Nurse Practicioner', 268),
(253, 1, 'Civil Engineer', 387),
(254, 94, 'Senior Cost Accountant', 466),
(255, 37, 'Developer III', 411),
(256, 61, 'Occupational Therapist', 468),
(257, 67, 'Web Designer III', 130),
(258, 96, 'Speech Pathologist', 334),
(259, 100, 'Sales Representative', 454),
(260, 45, 'Civil Engineer', 243),
(261, 49, 'Budget/Accounting Analyst II', 297),
(262, 25, 'Sales Associate', 478),
(263, 82, 'Marketing Manager', 182),
(264, 86, 'Clinical Specialist', 240),
(265, 17, 'VP Quality Control', 138),
(266, 70, 'General Manager', 446),
(267, 46, 'Quality Control Specialist', 259),
(268, 11, 'Web Designer IV', 296),
(269, 57, 'Marketing Manager', 330),
(270, 45, 'Dental Hygienist', 302),
(271, 40, 'Health Coach IV', 185),
(272, 39, 'Statistician III', 180),
(273, 21, 'Professor', 203),
(274, 85, 'Web Designer I', 432),
(275, 4, 'Administrative Officer', 456),
(276, 13, 'Marketing Assistant', 325),
(277, 64, 'Nuclear Power Engineer', 437),
(278, 18, 'Recruiting Manager', 462),
(279, 97, 'Senior Financial Analyst', 268),
(280, 32, 'Clinical Specialist', 210),
(281, 94, 'Structural Engineer', 493),
(282, 100, 'Help Desk Technician', 452),
(283, 66, 'Account Coordinator', 399),
(284, 87, 'Tax Accountant', 426),
(285, 30, 'Biostatistician I', 201),
(286, 91, 'Business Systems Development Analyst', 294),
(287, 42, 'VP Quality Control', 356),
(288, 24, 'Analyst Programmer', 456),
(289, 59, 'Graphic Designer', 268),
(290, 20, 'Electrical Engineer', 292),
(291, 93, 'Food Chemist', 488),
(292, 81, 'Programmer Analyst IV', 182),
(293, 80, 'Junior Executive', 159),
(294, 38, 'Information Systems Manager', 132),
(295, 80, 'VP Product Management', 293),
(296, 62, 'Senior Financial Analyst', 277),
(297, 16, 'Account Representative IV', 410),
(298, 35, 'Statistician III', 262),
(299, 98, 'Nurse', 365),
(300, 34, 'Nurse', 371),
(301, 54, 'Structural Analysis Engineer', 486),
(302, 82, 'General Manager', 202),
(303, 15, 'Developer II', 161),
(304, 1, 'Occupational Therapist', 436),
(305, 14, 'Senior Cost Accountant', 292),
(306, 8, 'Senior Quality Engineer', 443),
(307, 52, 'Human Resources Assistant II', 315),
(308, 68, 'Community Outreach Specialist', 489),
(309, 26, 'Physical Therapy Assistant', 193),
(310, 81, 'Programmer Analyst II', 120),
(311, 52, 'Director of Sales', 434),
(312, 86, 'Physical Therapy Assistant', 342),
(313, 97, 'Food Chemist', 138),
(314, 57, 'Chief Design Engineer', 418),
(315, 56, 'Web Developer IV', 484),
(316, 59, 'Sales Associate', 103),
(317, 28, 'Nurse Practicioner', 429),
(318, 50, 'VP Accounting', 164),
(319, 40, 'Tax Accountant', 146),
(320, 8, 'Statistician I', 246),
(321, 46, 'Editor', 125),
(322, 15, 'Actuary', 100),
(323, 58, 'Help Desk Operator', 355),
(324, 73, 'Payment Adjustment Coordinator', 370),
(325, 65, 'Media Manager II', 489),
(326, 73, 'Chief Design Engineer', 105),
(327, 87, 'Sales Representative', 340),
(328, 84, 'Senior Sales Associate', 448),
(329, 56, 'Data Coordiator', 105),
(330, 14, 'Internal Auditor', 181),
(331, 31, 'Sales Associate', 481),
(332, 29, 'Chief Design Engineer', 157),
(333, 71, 'Cost Accountant', 385),
(334, 36, 'VP Accounting', 193),
(335, 93, 'Nurse Practicioner', 198),
(336, 77, 'Developer III', 214),
(337, 61, 'Database Administrator IV', 300),
(338, 93, 'Professor', 336),
(339, 39, 'Occupational Therapist', 248),
(340, 95, 'Programmer II', 151),
(341, 15, 'Staff Scientist', 318),
(342, 57, 'Administrative Officer', 159),
(343, 47, 'Geologist IV', 365),
(344, 11, 'Chief Design Engineer', 294),
(345, 90, 'Recruiting Manager', 311),
(346, 24, 'Product Engineer', 165),
(347, 90, 'Database Administrator I', 239),
(348, 61, 'Senior Financial Analyst', 190),
(349, 56, 'Editor', 434),
(350, 78, 'Occupational Therapist', 425),
(351, 36, 'Desktop Support Technician', 223),
(352, 97, 'Geologist I', 187),
(353, 1, 'Director of Sales', 379),
(354, 47, 'Engineer I', 171),
(355, 63, 'Chief Design Engineer', 110),
(356, 67, 'Information Systems Manager', 293),
(357, 100, 'Research Nurse', 312),
(358, 23, 'Help Desk Operator', 309),
(359, 18, 'Nurse', 235),
(360, 39, 'Teacher', 377),
(361, 73, 'Chemical Engineer', 350),
(362, 30, 'Human Resources Manager', 324),
(363, 91, 'Account Executive', 498),
(364, 77, 'Engineer I', 127),
(365, 83, 'Actuary', 158),
(366, 22, 'Senior Editor', 305),
(367, 10, 'Speech Pathologist', 406),
(368, 38, 'VP Product Management', 159),
(369, 61, 'Human Resources Manager', 396),
(370, 68, 'VP Sales', 397),
(371, 34, 'VP Sales', 345),
(372, 44, 'Graphic Designer', 252),
(373, 53, 'VP Sales', 190),
(374, 28, 'Chief Design Engineer', 259),
(375, 100, 'Product Engineer', 182),
(376, 84, 'Clinical Specialist', 245),
(377, 27, 'Systems Administrator III', 275),
(378, 1, 'Biostatistician I', 155),
(379, 97, 'Accounting Assistant III', 473),
(380, 73, 'Legal Assistant', 200),
(381, 40, 'Actuary', 244),
(382, 13, 'Help Desk Operator', 144),
(383, 55, 'Recruiting Manager', 383),
(384, 87, 'Senior Editor', 382),
(385, 63, 'Desktop Support Technician', 325),
(386, 91, 'Budget/Accounting Analyst I', 275),
(387, 58, 'Media Manager IV', 406),
(388, 83, 'Engineer I', 358),
(389, 1, 'Internal Auditor', 400),
(390, 34, 'Clinical Specialist', 268),
(391, 47, 'Senior Developer', 378),
(392, 17, 'VP Accounting', 290),
(393, 67, 'Software Test Engineer III', 402),
(394, 22, 'Recruiter', 407),
(395, 70, 'Account Representative I', 447),
(396, 56, 'Information Systems Manager', 103),
(397, 16, 'Engineer II', 171),
(398, 50, 'Chemical Engineer', 236),
(399, 58, 'Senior Cost Accountant', 331),
(400, 48, 'General Manager', 228),
(401, 44, 'Community Outreach Specialist', 363),
(402, 51, 'Recruiter', 364),
(403, 77, 'Automation Specialist I', 416),
(404, 64, 'Accountant III', 463),
(405, 8, 'Computer Systems Analyst III', 133),
(406, 68, 'Community Outreach Specialist', 432),
(407, 59, 'Staff Accountant III', 227),
(408, 80, 'VP Product Management', 114),
(409, 32, 'Legal Assistant', 342),
(410, 48, 'Budget/Accounting Analyst III', 264),
(411, 43, 'Nurse Practicioner', 493),
(412, 84, 'Software Engineer I', 225),
(413, 23, 'Data Coordiator', 210),
(414, 61, 'Sales Representative', 268),
(415, 17, 'Assistant Manager', 102),
(416, 25, 'Account Coordinator', 244),
(417, 74, 'Health Coach IV', 166),
(418, 61, 'Environmental Tech', 236),
(419, 36, 'Environmental Tech', 189),
(420, 27, 'Associate Professor', 380),
(421, 71, 'Recruiting Manager', 161),
(422, 50, 'Quality Engineer', 482),
(423, 14, 'Account Executive', 457),
(424, 70, 'Chemical Engineer', 337),
(425, 31, 'Marketing Manager', 334),
(426, 47, 'Business Systems Development Analyst', 231),
(427, 26, 'Food Chemist', 170),
(428, 99, 'Professor', 437),
(429, 69, 'Financial Advisor', 448),
(430, 50, 'Software Consultant', 106),
(431, 73, 'Chemical Engineer', 373),
(432, 18, 'Research Assistant III', 296),
(433, 28, 'Recruiter', 340),
(434, 95, 'Systems Administrator IV', 245),
(435, 55, 'Biostatistician IV', 273),
(436, 89, 'Sales Representative', 217),
(437, 87, 'Professor', 424),
(438, 50, 'Senior Financial Analyst', 304),
(439, 61, 'Financial Advisor', 288),
(440, 62, 'Marketing Manager', 202),
(441, 30, 'Design Engineer', 151),
(442, 67, 'Media Manager I', 332),
(443, 5, 'Health Coach III', 241),
(444, 73, 'VP Sales', 199),
(445, 29, 'Environmental Tech', 317),
(446, 77, 'VP Accounting', 239),
(447, 84, 'Systems Administrator I', 453),
(448, 37, 'Structural Engineer', 293),
(449, 95, 'Senior Quality Engineer', 238),
(450, 80, 'Programmer I', 110),
(451, 58, 'Assistant Manager', 398),
(452, 17, 'Operator', 425),
(453, 84, 'Legal Assistant', 417),
(454, 1, 'Budget/Accounting Analyst I', 457),
(455, 15, 'Account Representative IV', 213),
(456, 77, 'Pharmacist', 480),
(457, 39, 'Graphic Designer', 116),
(458, 1, 'Senior Quality Engineer', 471),
(459, 70, 'Statistician IV', 101),
(460, 38, 'Recruiter', 391),
(461, 31, 'Civil Engineer', 347),
(462, 85, 'Account Representative III', 351),
(463, 53, 'Tax Accountant', 389),
(464, 75, 'Software Test Engineer II', 194),
(465, 79, 'Assistant Manager', 203),
(466, 86, 'Software Engineer IV', 164),
(467, 56, 'VP Sales', 378),
(468, 38, 'Electrical Engineer', 464),
(469, 39, 'Clinical Specialist', 325),
(470, 20, 'Senior Developer', 489),
(471, 20, 'Legal Assistant', 298),
(472, 10, 'Programmer Analyst II', 105),
(473, 12, 'Graphic Designer', 139),
(474, 74, 'Human Resources Assistant IV', 285),
(475, 35, 'Food Chemist', 313),
(476, 93, 'VP Product Management', 314),
(477, 51, 'Analog Circuit Design manager', 235),
(478, 51, 'Chemical Engineer', 103),
(479, 16, 'Information Systems Manager', 244),
(480, 39, 'VP Sales', 257),
(481, 75, 'Operator', 106),
(482, 20, 'Actuary', 342),
(483, 99, 'Financial Advisor', 477),
(484, 7, 'Help Desk Operator', 193),
(485, 32, 'Social Worker', 495),
(486, 1, 'Nurse Practicioner', 204),
(487, 90, 'VP Marketing', 121),
(488, 49, 'Programmer Analyst IV', 279),
(489, 76, 'Programmer IV', 462),
(490, 39, 'Social Worker', 414),
(491, 49, 'Software Engineer II', 219),
(492, 91, 'Marketing Assistant', 492),
(493, 42, 'Accountant III', 214),
(494, 2, 'Payment Adjustment Coordinator', 277),
(495, 37, 'Financial Analyst', 305),
(496, 33, 'Electrical Engineer', 258),
(497, 51, 'Assistant Media Planner', 323),
(498, 82, 'Office Assistant IV', 108),
(499, 37, 'Account Representative I', 305),
(500, 34, 'Quality Engineer', 492),
(501, 54, 'Computer Systems Analyst IV', 178),
(502, 35, 'Clinical Specialist', 123),
(503, 27, 'Business Systems Development Analyst', 237),
(504, 61, 'Administrative Officer', 310),
(505, 24, 'Help Desk Operator', 381),
(506, 32, 'Developer I', 203),
(507, 23, 'Accounting Assistant II', 219),
(508, 30, 'Food Chemist', 123),
(509, 3, 'Senior Developer', 200),
(510, 14, 'Registered Nurse', 126),
(511, 57, 'Research Nurse', 198),
(512, 53, 'Computer Systems Analyst I', 337),
(513, 2, 'Cost Accountant', 368),
(514, 79, 'Junior Executive', 319),
(515, 47, 'Senior Editor', 142),
(516, 32, 'Office Assistant II', 323),
(517, 62, 'Pharmacist', 188),
(518, 92, 'Geologist II', 133),
(519, 33, 'Editor', 382),
(520, 33, 'Programmer Analyst III', 163),
(521, 50, 'Developer III', 295),
(522, 46, 'GIS Technical Architect', 303),
(523, 12, 'Senior Quality Engineer', 137),
(524, 100, 'Programmer II', 236),
(525, 12, 'Senior Sales Associate', 494),
(526, 47, 'General Manager', 161),
(527, 57, 'Graphic Designer', 437),
(528, 98, 'Software Engineer IV', 330),
(529, 3, 'Design Engineer', 412),
(530, 91, 'Account Executive', 255),
(531, 21, 'Analog Circuit Design manager', 321),
(532, 78, 'Structural Engineer', 293),
(533, 20, 'Nurse Practicioner', 297),
(534, 13, 'Safety Technician II', 153),
(535, 73, 'Nuclear Power Engineer', 251),
(536, 16, 'Human Resources Assistant II', 364),
(537, 89, 'Health Coach III', 441),
(538, 76, 'Business Systems Development Analyst', 462),
(539, 13, 'Teacher', 108),
(540, 89, 'Safety Technician III', 164),
(541, 4, 'Mechanical Systems Engineer', 433),
(542, 90, 'Occupational Therapist', 152),
(543, 63, 'Paralegal', 345),
(544, 96, 'Help Desk Operator', 209),
(545, 96, 'Sales Representative', 321),
(546, 87, 'VP Quality Control', 337),
(547, 21, 'Executive Secretary', 223),
(548, 99, 'General Manager', 397),
(549, 76, 'Administrative Assistant I', 106),
(550, 75, 'Analog Circuit Design manager', 105),
(551, 80, 'Clinical Specialist', 278),
(552, 29, 'Structural Engineer', 254),
(553, 50, 'Structural Engineer', 322),
(554, 43, 'Administrative Officer', 272),
(555, 92, 'Software Engineer III', 419),
(556, 92, 'General Manager', 253),
(557, 62, 'Clinical Specialist', 226),
(558, 59, 'Senior Financial Analyst', 415),
(559, 36, 'VP Quality Control', 354),
(560, 41, 'Teacher', 250),
(561, 10, 'Web Developer IV', 319),
(562, 79, 'Account Coordinator', 383),
(563, 66, 'Office Assistant IV', 483),
(564, 62, 'VP Product Management', 101),
(565, 15, 'Staff Scientist', 169),
(566, 60, 'Office Assistant II', 104),
(567, 52, 'Mechanical Systems Engineer', 167),
(568, 27, 'Research Nurse', 443),
(569, 73, 'Biostatistician II', 349),
(570, 67, 'Biostatistician III', 109),
(571, 27, 'Compensation Analyst', 425),
(572, 14, 'Information Systems Manager', 293),
(573, 56, 'Structural Analysis Engineer', 240),
(574, 5, 'Accountant II', 235),
(575, 95, 'Programmer Analyst IV', 486),
(576, 33, 'Administrative Assistant IV', 500),
(577, 58, 'Web Developer III', 358),
(578, 47, 'Internal Auditor', 314),
(579, 82, 'Senior Developer', 455),
(580, 15, 'Operator', 281),
(581, 7, 'Health Coach III', 138),
(582, 59, 'Senior Sales Associate', 496),
(583, 3, 'Marketing Manager', 188),
(584, 61, 'Food Chemist', 239),
(585, 31, 'Computer Systems Analyst I', 167),
(586, 17, 'Accountant III', 133),
(587, 99, 'Office Assistant I', 291),
(588, 37, 'Database Administrator III', 150),
(589, 78, 'Paralegal', 447),
(590, 13, 'Safety Technician II', 475),
(591, 34, 'Quality Engineer', 346),
(592, 55, 'Sales Associate', 188),
(593, 76, 'Account Executive', 106),
(594, 35, 'Analyst Programmer', 431),
(595, 84, 'VP Product Management', 280),
(596, 23, 'Junior Executive', 452),
(597, 35, 'Junior Executive', 207),
(598, 6, 'Structural Engineer', 212),
(599, 24, 'Computer Systems Analyst III', 448),
(600, 45, 'Analyst Programmer', 499),
(601, 100, 'Community Outreach Specialist', 439),
(602, 80, 'Account Representative II', 400),
(603, 24, 'Help Desk Technician', 410),
(604, 70, 'VP Quality Control', 172),
(605, 94, 'Chemical Engineer', 168),
(606, 26, 'Mechanical Systems Engineer', 447),
(607, 42, 'VP Marketing', 392),
(608, 77, 'Physical Therapy Assistant', 495),
(609, 42, 'Senior Financial Analyst', 410),
(610, 47, 'Automation Specialist III', 493),
(611, 96, 'Paralegal', 237),
(612, 72, 'VP Marketing', 139),
(613, 73, 'Junior Executive', 247),
(614, 67, 'Occupational Therapist', 453),
(615, 36, 'Computer Systems Analyst I', 202),
(616, 14, 'Software Engineer II', 274),
(617, 33, 'Administrative Assistant II', 393),
(618, 21, 'Accountant II', 211),
(619, 26, 'Software Test Engineer II', 490),
(620, 23, 'Quality Control Specialist', 259),
(621, 98, 'Geological Engineer', 179),
(622, 20, 'Internal Auditor', 379),
(623, 1, 'Librarian', 430),
(624, 25, 'Engineer I', 211),
(625, 7, 'Assistant Professor', 451),
(626, 64, 'Civil Engineer', 111),
(627, 39, 'Software Engineer I', 356),
(628, 61, 'Graphic Designer', 328),
(629, 35, 'Registered Nurse', 478),
(630, 10, 'Sales Representative', 452),
(631, 29, 'Quality Engineer', 295),
(632, 31, 'Librarian', 407),
(633, 54, 'Director of Sales', 304),
(634, 45, 'Recruiting Manager', 278),
(635, 79, 'Computer Systems Analyst IV', 447),
(636, 34, 'Statistician IV', 301),
(637, 51, 'Systems Administrator I', 465),
(638, 58, 'Statistician IV', 498),
(639, 78, 'Budget/Accounting Analyst IV', 474),
(640, 78, 'Accountant IV', 463),
(641, 36, 'Design Engineer', 360),
(642, 13, 'Software Consultant', 500),
(643, 15, 'Chemical Engineer', 428),
(644, 86, 'Operator', 428),
(645, 18, 'Occupational Therapist', 372),
(646, 36, 'Food Chemist', 399),
(647, 59, 'Financial Analyst', 452),
(648, 94, 'Office Assistant III', 247),
(649, 14, 'Clinical Specialist', 122),
(650, 96, 'Staff Accountant III', 125),
(651, 64, 'Nurse Practicioner', 383),
(652, 53, 'Health Coach I', 444),
(653, 74, 'Information Systems Manager', 134),
(654, 39, 'Sales Associate', 455),
(655, 90, 'Compensation Analyst', 499),
(656, 8, 'Systems Administrator I', 286),
(657, 1, 'Payment Adjustment Coordinator', 420),
(658, 51, 'Statistician I', 275),
(659, 34, 'Human Resources Manager', 196),
(660, 93, 'Account Coordinator', 283),
(661, 29, 'Account Executive', 151),
(662, 61, 'Nurse Practicioner', 387),
(663, 69, 'Automation Specialist II', 209),
(664, 79, 'Marketing Manager', 412),
(665, 91, 'Internal Auditor', 424),
(666, 27, 'Senior Sales Associate', 209),
(667, 64, 'Systems Administrator I', 243),
(668, 94, 'Senior Cost Accountant', 229),
(669, 69, 'Engineer IV', 466),
(670, 55, 'Mechanical Systems Engineer', 291),
(671, 54, 'Information Systems Manager', 347),
(672, 26, 'Programmer Analyst I', 295),
(673, 4, 'Associate Professor', 100),
(674, 72, 'Chemical Engineer', 279),
(675, 64, 'Marketing Assistant', 423),
(676, 4, 'Sales Representative', 112),
(677, 55, 'VP Sales', 451),
(678, 82, 'Web Designer I', 174),
(679, 84, 'Compensation Analyst', 116),
(680, 8, 'Biostatistician I', 148),
(681, 97, 'Web Designer I', 433),
(682, 24, 'Database Administrator III', 310),
(683, 16, 'Nurse Practicioner', 217),
(684, 42, 'Safety Technician IV', 383),
(685, 25, 'Account Executive', 219),
(686, 52, 'VP Product Management', 243),
(687, 41, 'Product Engineer', 412),
(688, 29, 'Graphic Designer', 279),
(689, 49, 'Business Systems Development Analyst', 251),
(690, 55, 'Chief Design Engineer', 260),
(691, 79, 'VP Marketing', 455),
(692, 19, 'Software Engineer I', 126),
(693, 6, 'Desktop Support Technician', 116),
(694, 3, 'Senior Developer', 283),
(695, 8, 'Quality Engineer', 277),
(696, 59, 'Accounting Assistant IV', 290),
(697, 15, 'Sales Associate', 315),
(698, 21, 'Marketing Assistant', 270),
(699, 85, 'Chief Design Engineer', 221),
(700, 38, 'Nurse', 430),
(701, 87, 'Information Systems Manager', 125),
(702, 18, 'Computer Systems Analyst III', 338),
(703, 28, 'Project Manager', 410),
(704, 85, 'Financial Analyst', 149),
(705, 52, 'Senior Developer', 250),
(706, 22, 'Electrical Engineer', 239),
(707, 45, 'Nuclear Power Engineer', 281),
(708, 35, 'Sales Representative', 469),
(709, 80, 'Mechanical Systems Engineer', 497),
(710, 59, 'Teacher', 255),
(711, 74, 'Dental Hygienist', 209),
(712, 82, 'Social Worker', 239),
(713, 18, 'Desktop Support Technician', 100),
(714, 85, 'Accounting Assistant II', 379),
(715, 66, 'Accounting Assistant III', 292),
(716, 38, 'Administrative Assistant I', 327),
(717, 92, 'Staff Accountant I', 222),
(718, 38, 'Environmental Tech', 485),
(719, 78, 'Clinical Specialist', 371),
(720, 12, 'Assistant Professor', 390),
(721, 73, 'Professor', 259),
(722, 51, 'Junior Executive', 466),
(723, 25, 'VP Product Management', 219),
(724, 80, 'Quality Control Specialist', 291),
(725, 77, 'Accountant IV', 327),
(726, 86, 'Structural Analysis Engineer', 304),
(727, 34, 'Senior Quality Engineer', 394),
(728, 6, 'Software Test Engineer II', 449),
(729, 65, 'Administrative Officer', 282),
(730, 72, 'Assistant Professor', 102),
(731, 64, 'Accountant I', 415),
(732, 78, 'Software Engineer I', 397),
(733, 52, 'Office Assistant III', 344),
(734, 25, 'VP Sales', 107),
(735, 98, 'Safety Technician I', 333),
(736, 42, 'Automation Specialist I', 221),
(737, 39, 'Assistant Media Planner', 498),
(738, 6, 'Help Desk Technician', 112),
(739, 22, 'Administrative Assistant IV', 394),
(740, 66, 'Staff Accountant I', 105),
(741, 42, 'Administrative Assistant III', 482),
(742, 48, 'Graphic Designer', 459),
(743, 94, 'Design Engineer', 487),
(744, 28, 'Assistant Media Planner', 387),
(745, 63, 'Dental Hygienist', 338),
(746, 100, 'Project Manager', 497),
(747, 85, 'Web Designer IV', 214),
(748, 27, 'Software Engineer I', 239),
(749, 69, 'Nurse Practicioner', 406),
(750, 76, 'Account Coordinator', 318),
(751, 4, 'Programmer Analyst I', 343),
(752, 47, 'Quality Control Specialist', 422),
(753, 60, 'Data Coordiator', 401),
(754, 24, 'Chemical Engineer', 397),
(755, 76, 'Civil Engineer', 465),
(756, 95, 'Research Associate', 277),
(757, 96, 'Information Systems Manager', 283),
(758, 99, 'Physical Therapy Assistant', 436),
(759, 32, 'Occupational Therapist', 485),
(760, 62, 'Administrative Officer', 202),
(761, 62, 'Geological Engineer', 319),
(762, 77, 'Physical Therapy Assistant', 345),
(763, 75, 'Help Desk Operator', 447),
(764, 24, 'Help Desk Technician', 373),
(765, 36, 'Account Executive', 413),
(766, 43, 'Professor', 290),
(767, 100, 'Programmer Analyst III', 245),
(768, 13, 'Graphic Designer', 317),
(769, 89, 'Project Manager', 295),
(770, 88, 'Recruiting Manager', 200),
(771, 70, 'Programmer II', 182),
(772, 83, 'Media Manager III', 321),
(773, 3, 'Food Chemist', 266),
(774, 71, 'Actuary', 303),
(775, 78, 'General Manager', 129),
(776, 23, 'Occupational Therapist', 453),
(777, 39, 'VP Quality Control', 312),
(778, 6, 'Editor', 372),
(779, 36, 'Associate Professor', 399),
(780, 38, 'VP Sales', 428),
(781, 74, 'Geological Engineer', 241),
(782, 66, 'Assistant Professor', 387),
(783, 97, 'Legal Assistant', 156),
(784, 59, 'Automation Specialist II', 334),
(785, 36, 'Senior Developer', 308),
(786, 88, 'Editor', 267),
(787, 85, 'Cost Accountant', 435),
(788, 36, 'Budget/Accounting Analyst I', 247),
(789, 1, 'Structural Engineer', 330),
(790, 22, 'Database Administrator II', 425),
(791, 65, 'Teacher', 332),
(792, 18, 'Desktop Support Technician', 466),
(793, 70, 'General Manager', 344),
(794, 28, 'Actuary', 241),
(795, 30, 'Senior Financial Analyst', 185),
(796, 14, 'Budget/Accounting Analyst II', 116),
(797, 2, 'Associate Professor', 482),
(798, 54, 'Research Associate', 197),
(799, 88, 'Teacher', 336),
(800, 67, 'Legal Assistant', 221),
(801, 24, 'Sales Representative', 279),
(802, 95, 'Engineer I', 346),
(803, 17, 'Health Coach III', 224),
(804, 93, 'Health Coach IV', 239),
(805, 97, 'Administrative Assistant I', 448),
(806, 12, 'Sales Associate', 174),
(807, 7, 'Database Administrator III', 175),
(808, 48, 'Environmental Tech', 133),
(809, 1, 'Chief Design Engineer', 475),
(810, 26, 'Senior Editor', 256),
(811, 23, 'Operator', 404),
(812, 72, 'Community Outreach Specialist', 274),
(813, 35, 'Mechanical Systems Engineer', 313),
(814, 55, 'Web Developer IV', 462),
(815, 82, 'Human Resources Manager', 304),
(816, 19, 'Developer IV', 301),
(817, 2, 'Pharmacist', 486),
(818, 58, 'Operator', 490),
(819, 5, 'Pharmacist', 452),
(820, 29, 'Teacher', 164),
(821, 47, 'Office Assistant III', 242),
(822, 54, 'Analyst Programmer', 331),
(823, 76, 'Systems Administrator II', 477),
(824, 5, 'Software Engineer II', 493),
(825, 56, 'Tax Accountant', 489),
(826, 57, 'Compensation Analyst', 244),
(827, 69, 'Community Outreach Specialist', 219),
(828, 78, 'Technical Writer', 404),
(829, 33, 'VP Product Management', 296),
(830, 99, 'Web Designer I', 324),
(831, 27, 'Software Engineer II', 319),
(832, 90, 'Financial Analyst', 234),
(833, 28, 'Senior Cost Accountant', 387),
(834, 16, 'Senior Editor', 134),
(835, 19, 'Data Coordiator', 280),
(836, 58, 'Financial Advisor', 154),
(837, 88, 'Computer Systems Analyst III', 127),
(838, 44, 'Assistant Manager', 362),
(839, 5, 'VP Product Management', 178),
(840, 95, 'Senior Cost Accountant', 289),
(841, 73, 'Civil Engineer', 224),
(842, 66, 'Quality Engineer', 420),
(843, 93, 'Programmer III', 432),
(844, 62, 'Account Executive', 359),
(845, 98, 'Senior Sales Associate', 350),
(846, 31, 'Staff Scientist', 146),
(847, 43, 'Web Developer III', 185),
(848, 56, 'Assistant Media Planner', 313),
(849, 76, 'Software Test Engineer I', 485),
(850, 90, 'Quality Engineer', 173),
(851, 86, 'Registered Nurse', 352),
(852, 88, 'VP Sales', 220),
(853, 48, 'Civil Engineer', 238),
(854, 64, 'Structural Engineer', 500),
(855, 53, 'Senior Editor', 216),
(856, 25, 'Environmental Tech', 206),
(857, 65, 'Compensation Analyst', 474),
(858, 71, 'Geologist II', 253),
(859, 32, 'Payment Adjustment Coordinator', 152),
(860, 89, 'Recruiting Manager', 350),
(861, 62, 'Help Desk Operator', 212),
(862, 41, 'Developer III', 354),
(863, 78, 'Business Systems Development Analyst', 441),
(864, 75, 'Research Assistant IV', 341),
(865, 85, 'Recruiter', 260),
(866, 34, 'Account Executive', 498),
(867, 68, 'Systems Administrator IV', 497),
(868, 73, 'Senior Financial Analyst', 101),
(869, 92, 'Project Manager', 410),
(870, 64, 'Registered Nurse', 207),
(871, 24, 'Sales Representative', 248),
(872, 26, 'Statistician II', 454),
(873, 39, 'Dental Hygienist', 226),
(874, 79, 'Structural Engineer', 425),
(875, 56, 'General Manager', 424),
(876, 34, 'Operator', 165),
(877, 88, 'Operator', 377),
(878, 55, 'Assistant Manager', 265),
(879, 17, 'Internal Auditor', 386),
(880, 64, 'Technical Writer', 344),
(881, 32, 'Environmental Tech', 393),
(882, 13, 'Professor', 101),
(883, 48, 'Pharmacist', 392),
(884, 43, 'Web Designer IV', 220),
(885, 2, 'VP Accounting', 346),
(886, 36, 'GIS Technical Architect', 386),
(887, 69, 'Professor', 318),
(888, 95, 'Clinical Specialist', 361),
(889, 81, 'Payment Adjustment Coordinator', 248),
(890, 84, 'Compensation Analyst', 332),
(891, 100, 'Biostatistician IV', 413),
(892, 84, 'Analyst Programmer', 459),
(893, 47, 'VP Sales', 284),
(894, 56, 'Environmental Specialist', 218),
(895, 72, 'VP Sales', 352),
(896, 73, 'Chief Design Engineer', 232),
(897, 2, 'Speech Pathologist', 268),
(898, 6, 'Programmer Analyst IV', 436),
(899, 85, 'Pharmacist', 485),
(900, 17, 'Graphic Designer', 205),
(901, 24, 'Software Engineer I', 222),
(902, 62, 'Structural Analysis Engineer', 394),
(903, 40, 'Senior Sales Associate', 197),
(904, 80, 'Senior Editor', 469),
(905, 64, 'Quality Control Specialist', 149),
(906, 24, 'Marketing Manager', 465),
(907, 66, 'Staff Scientist', 356),
(908, 35, 'Marketing Manager', 310),
(909, 49, 'Nuclear Power Engineer', 152),
(910, 77, 'Staff Accountant I', 147),
(911, 15, 'Geological Engineer', 464),
(912, 100, 'Media Manager I', 200),
(913, 84, 'Media Manager III', 298),
(914, 77, 'Staff Accountant IV', 494),
(915, 58, 'Paralegal', 427),
(916, 64, 'Health Coach I', 155),
(917, 7, 'Systems Administrator II', 335),
(918, 55, 'Structural Analysis Engineer', 291),
(919, 27, 'Research Nurse', 448),
(920, 69, 'Technical Writer', 236),
(921, 58, 'Speech Pathologist', 469),
(922, 45, 'Technical Writer', 317),
(923, 23, 'Nurse', 353),
(924, 85, 'Environmental Specialist', 212),
(925, 20, 'Quality Control Specialist', 116),
(926, 14, 'VP Accounting', 444),
(927, 53, 'Nuclear Power Engineer', 339),
(928, 61, 'Quality Engineer', 370),
(929, 76, 'Human Resources Manager', 193),
(930, 85, 'VP Product Management', 205),
(931, 51, 'Paralegal', 212),
(932, 54, 'Nuclear Power Engineer', 446),
(933, 71, 'Software Consultant', 208),
(934, 3, 'Geologist IV', 103),
(935, 33, 'Senior Financial Analyst', 181),
(936, 32, 'Food Chemist', 353),
(937, 5, 'Financial Analyst', 253),
(938, 58, 'Senior Quality Engineer', 272),
(939, 82, 'Internal Auditor', 373),
(940, 83, 'GIS Technical Architect', 287),
(941, 100, 'Business Systems Development Analyst', 365),
(942, 92, 'Editor', 178),
(943, 96, 'Financial Analyst', 314),
(944, 55, 'Pharmacist', 377),
(945, 74, 'GIS Technical Architect', 441),
(946, 30, 'Project Manager', 312),
(947, 41, 'VP Product Management', 347),
(948, 43, 'Marketing Assistant', 341),
(949, 77, 'Social Worker', 127),
(950, 78, 'VP Accounting', 166),
(951, 93, 'Programmer I', 394),
(952, 9, 'Environmental Specialist', 242),
(953, 91, 'Product Engineer', 113),
(954, 60, 'Senior Quality Engineer', 490),
(955, 29, 'Programmer Analyst IV', 107),
(956, 39, 'Senior Editor', 312),
(957, 6, 'Civil Engineer', 217),
(958, 85, 'Accountant II', 403),
(959, 23, 'Programmer Analyst III', 468),
(960, 71, 'Marketing Manager', 295),
(961, 28, 'Software Engineer I', 466),
(962, 43, 'Graphic Designer', 378),
(963, 76, 'Accountant II', 135),
(964, 19, 'Product Engineer', 281),
(965, 70, 'Staff Scientist', 169),
(966, 38, 'Web Developer I', 218),
(967, 64, 'VP Quality Control', 111),
(968, 49, 'Product Engineer', 404),
(969, 98, 'Social Worker', 309),
(970, 23, 'Analyst Programmer', 275),
(971, 34, 'Senior Cost Accountant', 126),
(972, 95, 'Accounting Assistant IV', 289),
(973, 55, 'Senior Developer', 347),
(974, 32, 'Biostatistician IV', 498),
(975, 40, 'Cost Accountant', 179),
(976, 60, 'VP Sales', 393),
(977, 3, 'Technical Writer', 340),
(978, 91, 'Operator', 460),
(979, 99, 'Food Chemist', 265),
(980, 46, 'Health Coach III', 412),
(981, 81, 'Associate Professor', 131),
(982, 2, 'Senior Quality Engineer', 396),
(983, 99, 'Clinical Specialist', 474),
(984, 34, 'General Manager', 377),
(985, 84, 'Marketing Assistant', 463),
(986, 16, 'Financial Advisor', 308),
(987, 44, 'Marketing Manager', 145),
(988, 14, 'Recruiter', 486),
(989, 79, 'Developer II', 381),
(990, 56, 'Registered Nurse', 144),
(991, 3, 'Product Engineer', 200),
(992, 71, 'Account Executive', 390),
(993, 89, 'Payment Adjustment Coordinator', 102),
(994, 29, 'Quality Control Specialist', 475),
(995, 79, 'Assistant Professor', 281),
(996, 29, 'Biostatistician II', 339),
(997, 84, 'Design Engineer', 469),
(998, 60, 'Chemical Engineer', 111),
(999, 86, 'Professor', 500),
(1000, 19, 'Social Worker', 197);

--
-- Indexes for dumped tables
--

--
-- Indeks untuk tabel `company`
--
ALTER TABLE `company`
  ADD PRIMARY KEY (`id_company`),
  ADD KEY `fk_id_works` (`id_works`);

--
-- Indeks untuk tabel `employee`
--
ALTER TABLE `employee`
  ADD PRIMARY KEY (`id_employee`);

--
-- Indeks untuk tabel `works`
--
ALTER TABLE `works`
  ADD PRIMARY KEY (`id_works`),
  ADD KEY `fk_id_employee` (`id_employee`);

--
-- Ketidakleluasaan untuk tabel pelimpahan (Dumped Tables)
--

--
-- Ketidakleluasaan untuk tabel `company`
--
ALTER TABLE `company`
  ADD CONSTRAINT `fk_id_works` FOREIGN KEY (`id_works`) REFERENCES `works` (`id_works`);

--
-- Ketidakleluasaan untuk tabel `works`
--
ALTER TABLE `works`
  ADD CONSTRAINT `fk_id_employee` FOREIGN KEY (`id_employee`) REFERENCES `employee` (`id_employee`);
COMMIT;

/*!40101 SET CHARACTER_SET_CLIENT=@OLD_CHARACTER_SET_CLIENT */;
/*!40101 SET CHARACTER_SET_RESULTS=@OLD_CHARACTER_SET_RESULTS */;
/*!40101 SET COLLATION_CONNECTION=@OLD_COLLATION_CONNECTION */;
